ID,Event_or_Policy,Date,Formal_Actor,Actual_Driver_or_Funder,Trump_Personal_Role,Implementation_Status,Reversal_Waiver_or_Limitation,Net_Analytical_Weight,Conclusion_Use
ATTR-001,CAATSA and first-term Russia sanctions,2017 onward,Congress and executive agencies,Congressional mandate and agency implementation,"Trump signed while objecting to constraints on presidential authority",Implemented,"Some measures were delayed, resisted, licensed, or implemented by officials despite presidential reluctance","Institutional constraint; weak evidence of Trump anti-Russia intent","Do not credit congressional or agency resistance as proof that Trump was not susceptible"
ATTR-002,2018 expulsions and Seattle consulate closure,2018,White House State DOJ FBI and allies,Allied response to Skripal poisoning and intelligence threat,"Trump authorized the action within a coordinated institutional response",Implemented,"Occurred amid continued private deference and contradictory rhetoric","Real adverse action but not dispositive","Treat as a genuine countervailing act, not broad exoneration"
ATTR-003,First-term Javelin approval,2017-2019,DOD State Congress and White House,Longstanding bipartisan and agency support,"Trump administration approved sales but later used Ukraine assistance as political leverage",Implemented,"Aid was limited and the later 2019 hold showed willingness to condition support","Mixed; institutionally driven and later contradicted","Shows policy inconsistency, not absence of vulnerability"
ATTR-004,PURL weapons mechanism,2025 onward,NATO and participating governments,European Allies Canada and partners financed U.S.-made weapons,"Trump and Rutte agreed to the mechanism; Trump shifted costs to allies",Implemented and deliveries occurred,"The United States supplied inventory while allies paid; it was not a new U.S.-funded commitment","Primarily allied and transactional counterpressure","Do not describe PURL as proof of a personal Trump commitment to defeat Russia"
ATTR-005,NATO 5 percent Hague commitment,2025,NATO heads of state and government,Alliance capability planning and allied national budgets,"Trump pressed burden sharing and accepted continued Article 5 language",Adopted with implementation through 2035,"Spending remained national and alliance driven; commitment also advanced Trump's burden-shifting objective","Institutional constraint and alliance adaptation","Shows NATO survived and adapted despite Trump; does not establish anti-Putin motive"
ATTR-006,Additional defensive weapons after July pause,2025-07,Trump and DOD,White House reversal after internal pause allied concern and battlefield need,"DOD stated the additional weapons were sent at Trump's direction",Implemented in part,"Followed a weapons pause and did not amount to unrestricted support","Limited direct counterevidence","Credit as a real Trump-directed reversal but weigh against the preceding pause and broader coercive policy"
ATTR-007,India Russian-oil tariff,2025-08 to 2026-02,Trump White House USTR Treasury Commerce,Trade and energy leverage,"Trump imposed the 25 percent tariff and later removed it",Implemented temporarily,"Removed February 2026 based on an asserted Indian commitment; later Russian-oil general licenses further diluted pressure","Temporary direct pressure with limited duration","Do not treat a temporary tariff as sustained strategic opposition without trade-flow verification"
ATTR-008,Rosneft and Lukoil designations,2025-10-22,Treasury OFAC under Trump administration,Treasury response to stalled peace process,"Trump administration authorized major designations",Implemented and designations remained,"Wind-down retail Bulgarian divestment and Lukoil-sale licenses limited practical reach; later Russian-oil cargo licenses eased market pressure","Meaningful but late and heavily qualified direct action","Treat as genuine adverse action whose probative value is reduced by timing carve-outs and later relief"
ATTR-009,General Licenses 133 and 134 series for Russian oil,2026-03 to 2026-06,Treasury OFAC,Energy-market response during Iran war and Strait disruption,"Issued by Trump administration after Trump acknowledged Russia might be helping Iran",Implemented temporarily,"Authorized delivery and sale of Russian-origin oil already loaded; successive licenses extended the relief","Strong evidence that anti-Russia pressure was subordinated to other priorities","Include as dilution of the sanctions counterargument and as a Russia-Iran contradiction"
ATTR-010,Lukoil International sale and maintenance licenses,2025-11 through 2026-08,Treasury OFAC,Protection of non-Russian operations customers employees and orderly divestment,"Trump administration repeatedly extended contingent-sale authority",Repeatedly extended,"Did not remove Lukoil designation but preserved operations and transaction pathways","Qualified sanctions relief","Describe precisely as carve-outs and divestment relief, not complete delisting or full enforcement"
ATTR-011,U.S.-Ukraine Reconstruction Investment Fund,2025-04,Trump Treasury and Ukraine,Transactional minerals and reconstruction agreement,"Trump administration negotiated and signed the fund",Implemented institutionally,"Created U.S. economic interest in Ukraine but was tied to resource and investment returns","Mixed direct action","Shows Trump can support a sovereign Ukraine when structured as a transaction; not broad exculpation"
ATTR-012,Ukraine military-aid and intelligence pause,2025-03,Trump White House DOD CIA ODNI,Presidential coercive diplomacy after Oval Office confrontation,"Directly attributable to Trump administration and restored after Kyiv accepted U.S. proposal",Implemented then reversed,"Temporary duration does not erase battlefield and negotiating effect","Strong Russia-benefiting direct action","Give greater evidentiary weight than later alliance-funded aid"
ATTR-013,KleptoCapture kleptocracy and Foreign Influence Task Force dismantling,2025-02-05,Attorney General Bondi and DOJ,Trump administration enforcement priorities,"Direct administration policy",Implemented,"Traditional authorities remained but dedicated structures personnel and integration were removed","Strong institutional Russia-benefiting action","Treat as direct weakening of safeguards against oligarch assets covert influence and foreign-agent concealment"
ATTR-014,State counter-disinformation office closure and election-security reductions,2025,State DHS CISA and ODNI,Trump administration anti-censorship efficiency and mission-realignment rationale,"Direct administration policy through appointed officials",Implemented or reorganized,"Some capabilities continued elsewhere but dedicated capacity and coordination were reduced","Strong safeguard-removal evidence","Analyze cumulative capability loss rather than accepting rebranding as equivalent protection"
ATTR-015,Russia-Iran strategic and intelligence cooperation,2025-2026,Russian and Iranian governments,Strategic partnership military intelligence and energy cooperation,"Trump was not the source of the cooperation; his response is the relevant evidence",Treaty effective and assistance credibly reported,"Public evidence includes reported Russian targeting information and Trump's acknowledgment that Russia might be helping Iran","Context increasing the significance of U.S. relief to Russia","Use to test whether concessions continued even when Russia assisted a state attacking U.S. forces"
ATTR-016,Temporary Russian-oil relief during Iran conflict,2026-03 to 2026-06,Treasury OFAC,Oil-price and supply stabilization,"Direct Trump-administration licensing decision",Implemented through expiring licenses,"GL 133 134 134A 134B and 134C authorized specified Russian-origin cargo delivery and sale","Direct contradiction to a simple sanctions-hardline narrative","State that the administration knowingly accepted Russian revenue benefits to manage an Iran-created energy shock"
ATTR-017,NATO Ankara and 2026 Ukraine-support pledges,2026,NATO allies and partners,Alliance governments and institutions,"United States participated but support was multinational and substantially allied funded",Pledged with delivery still requiring verification,"Cannot be attributed solely to Trump and may reflect allied hedging against U.S. unreliability","Institutional counterweight rather than personal exculpation","Use as evidence that institutions constrained outcomes, not that Trump consistently opposed Russia"
