instrument_serial,issue_date,face_usd,present_not_before,initial_value_rub,accrued_interest_rub,annual_rate_percent,holder_entity_id,issuer_entity_id,source_ids,locator,include_in_totals
A7R0004947,2025-10-17,400000,2025-10-28,31634000,643000,10,N18,N22,S25,physical24 Note16,no
A7R0005022,2025-10-22,300000,2025-11-01,24404000,450000,10,N18,N22,S25,physical24 Note16,no
A7R0005094,2025-10-28,2000000,2025-11-07,157970000,2743000,10,N18,N22,S25,physical24 Note16,no
A7R0005253,2025-11-11,300000,2025-11-21,24304000,321000,10,N18,N22,S25,physical24 Note16,no
A7R0005639,2025-12-03,150000,2026-01-20,11619000,90000,10,N18,N22,S25,physical24 Note16,no
A7R0005711,2025-12-08,200000,2026-01-20,15219000,99000,10,N18,N22,S25,physical24 Note16,no
A7R0005740,2025-12-10,400000,2026-01-20,30723000,180000,10,N18,N22,S25,physical24 Note16,no
A7R0005759,2025-12-11,300000,2026-02-03,23370000,129000,10,N18,N22,S25,physical24 Note16,no
A7R0010036,2025-12-12,200000,2026-02-03,15868000,81000,10,N18,N22,S25,physical24 Note16,no
A7R0010062,2025-12-17,250000,2026-02-03,19858000,75000,10,N18,N22,S25,physical24 Note16,no
A7R0010126,2025-12-19,300000,2026-02-03,24009000,77000,10,N18,N22,S25,physical24 Note16,no
A7R0010382,2025-12-30,2000000,2026-01-20,154893000,43000,10,N18,N22,S25,physical24 Note16,no
A7R0010384,2025-12-30,2000000,2026-02-03,154893000,43000,10,N18,N22,S25,physical24 Note16,no
