record_id,track,subject_entity_id,instrument_serial,period,component,amount,currency,measure,evidence_status,source_ids,locator,counterparty_named,actual_remitter,actual_recipient,traced_payment_amount,traced_payment_currency,bank_match,include_in_totals,unknown_record,notes
R01,toronto,N15,,2016 filing; exact income interval not itemized,reported_management_fee_income,611864,USD,self_reported_income,self_reported_not_bank_traced,S45,p25 item142 Ref442,Talon International Inc named as licensee,,,,,not_obtained,no,Fee worksheet invoices bank credits,Do not treat filing year as a clean calendar-year allocation
R02,toronto,N15,,2017 filing; as of2017-04-15,reported_management_fee_income,559904,USD,self_reported_income,self_reported_not_bank_traced,S46,p25 item142 Ref442 and footer,Talon International Inc named in management deal,,,,,not_obtained,no,Reporting interval and fee allocation; bank credits,Do not add to R03; calendar2017 overlap unresolved
R03,toronto,N15,,2017-01-01/2017-12-31,management_fees_and_other_contract_payments,2273297,USD,self_reported_income,self_reported_not_bank_traced,S47,p24 item142 Ref442 and footer,Talon International Inc named in management deal,,,,,not_obtained,no,Allocation among fees termination and other contract payments; bank credits,Not all ordinary management fees; not a proven termination sum
R04,toronto,N01,,2007/2016-09-30,opening_principal,,CAD,unknown_debt_component,not_obtained,S18,affidavit paras69-74,,,,,,not_obtained,no,MRHL/MDI principal and interest ledger,Unknown is not zero; 15percent rate alone cannot solve timing or principal
R05,toronto,N01,,2007/2016-09-30,new_advances,,CAD,unknown_debt_component,not_obtained,S18,affidavit paras69-74,,,,,,not_obtained,no,MRHL/MDI principal and interest ledger,Unknown is not zero; 15percent rate alone cannot solve timing or principal
R06,toronto,N01,,2007/2016-09-30,repayments,,CAD,unknown_debt_component,not_obtained,S18,affidavit paras69-74,,,,,,not_obtained,no,MRHL/MDI principal and interest ledger,Unknown is not zero; 15percent rate alone cannot solve timing or principal
R07,toronto,N01,,2007/2016-09-30,interest_included_in_reported_balance,,CAD,unknown_debt_component,not_obtained,S18,affidavit paras69-74,,,,,,not_obtained,no,MRHL/MDI principal and interest ledger,Unknown is not zero; 15percent rate alone cannot solve timing or principal
R08,toronto,N01,,as of2016-09-30,reported_balance_including_interest,105651246,CAD,reported_debt_balance,counsel_advice_in_affidavit,S18,affidavit para71 physical47,,,,,,not_obtained,no,Underlying principal interest and payments rollforward,Includes interest; not original advance
R09,toronto,N01,,as of2016-09-30,reported_guarantee_fee_due,9315000,CAD,reported_fee_due,counsel_advice_in_affidavit,S18,affidavit para71 physical47,,,,,,not_obtained,no,Guarantee fee computation and any payment,Does not accrue interest per affidavit; Midland fee not Trump fee
R10,toronto,N01,,on/about2011-06-06,assignment_consideration,,CAD,unknown_debt_component,not_obtained,S18;S37,affidavit para74; order ScheduleA para30,,,,,,not_obtained,no,Executed deed assigned-debt schedule and consideration,Assignment of rights is not new cash
R11,toronto,N02,,after2011-06-06,later_recoveries,,CAD,unknown_debt_component,not_obtained,S18;S39,affidavit para74; final report para22,,,,,,not_obtained,no,MDI receivable ledger and recovery postings,Receiver credit bid not a comprehensive operating cash ledger
R12,a7,N18,A7R0004947,2025-12-31,note_face,400000,USD,reported_note_face,issuer_unresolved_not_settled,S25,p24 Note16 row A7R0004947,N22 unresolved A7-named issuer; not N07,,,,,not_obtained,no,Actual note issuer ID purchase custody and redemption records,Issue 2025-10-17; present not before 2025-10-28; neither is a proved acquisition or payment date
R13,a7,N18,A7R0004947,2025-12-31,note_initial_book_value,31634000,RUB,reported_book_value,issuer_unresolved_not_settled,S25,p24 Note16 row A7R0004947,N22 unresolved A7-named issuer; not N07,,,,,not_obtained,no,Actual note issuer ID purchase custody and redemption records,Issue 2025-10-17; present not before 2025-10-28; neither is a proved acquisition or payment date
R14,a7,N18,A7R0004947,2025-12-31,note_accrued_interest,643000,RUB,reported_book_value,issuer_unresolved_not_settled,S25,p24 Note16 row A7R0004947,N22 unresolved A7-named issuer; not N07,,,,,not_obtained,no,Actual note issuer ID purchase custody and redemption records,Issue 2025-10-17; present not before 2025-10-28; neither is a proved acquisition or payment date
R15,a7,N18,A7R0004947,2025-12-31,note_carrying_value,32277000,RUB,derived_book_value,issuer_unresolved_not_settled,S25,p24 Note16 row A7R0004947,N22 unresolved A7-named issuer; not N07,,,,,not_obtained,no,Actual note issuer ID purchase custody and redemption records,Issue 2025-10-17; present not before 2025-10-28; neither is a proved acquisition or payment date
R16,a7,N18,A7R0010382,2025-12-31,note_face,2000000,USD,reported_note_face,issuer_unresolved_not_settled,S25,p24 Note16 row A7R0010382,N22 unresolved A7-named issuer; not N07,,,,,not_obtained,no,Actual note issuer ID purchase custody and redemption records,Issue 2025-12-30; present not before 2026-01-20; neither is a proved acquisition or payment date
R17,a7,N18,A7R0010382,2025-12-31,note_initial_book_value,154893000,RUB,reported_book_value,issuer_unresolved_not_settled,S25,p24 Note16 row A7R0010382,N22 unresolved A7-named issuer; not N07,,,,,not_obtained,no,Actual note issuer ID purchase custody and redemption records,Issue 2025-12-30; present not before 2026-01-20; neither is a proved acquisition or payment date
R18,a7,N18,A7R0010382,2025-12-31,note_accrued_interest,43000,RUB,reported_book_value,issuer_unresolved_not_settled,S25,p24 Note16 row A7R0010382,N22 unresolved A7-named issuer; not N07,,,,,not_obtained,no,Actual note issuer ID purchase custody and redemption records,Issue 2025-12-30; present not before 2026-01-20; neither is a proved acquisition or payment date
R19,a7,N18,A7R0010382,2025-12-31,note_carrying_value,154936000,RUB,derived_book_value,issuer_unresolved_not_settled,S25,p24 Note16 row A7R0010382,N22 unresolved A7-named issuer; not N07,,,,,not_obtained,no,Actual note issuer ID purchase custody and redemption records,Issue 2025-12-30; present not before 2026-01-20; neither is a proved acquisition or payment date
R20,a7,N18,,2025,debt_security_and_monetary_claim_payments,1492629000,RUB,portfolio_cash_flow,reported_aggregate_not_serial_linked,S25,physical p9 investing cash flows,,,,,,not_obtained,no,Serial-level allocation and bank reconciliation,Portfolio acquisition cash not A7-only purchase
R21,a7,N18,,2025,debt_security_and_monetary_claim_sale_proceeds,816855000,RUB,portfolio_cash_flow,reported_aggregate_not_serial_linked,S25,physical p9 investing cash flows,,,,,,not_obtained,no,Serial-level allocation and bank reconciliation,Sale proceeds are not automatically note redemption
R22,a7,N18,,2024-12-31,separate_loan_opening_balance,580400000,RUB,reported_book_value,reported_loan_portfolio_not_notes,S25,p24 Note16,OOO Kerber,,,,,not_obtained,no,Independent bank confirmation,Control reconciliation only; not A7 funding
R23,a7,N18,,2025,separate_loan_repayments,209200000,RUB,portfolio_cash_flow,reported_loan_portfolio_not_notes,S25,physical p9,Loan portfolio; Note16 names OOO Kerber,,,,,not_obtained,no,Independent bank confirmation,580400000 minus209200000 equals371200000
R24,a7,N18,,2025-12-31,separate_loan_closing_balance,371200000,RUB,reported_book_value,reported_loan_portfolio_not_notes,S25;S48,S25 p24; S48 p14 Note9,OOO Kerber per S25 Note16,,,,,not_obtained,no,Independent bank confirmation,Do not allocate these loans to A7
R25,a7,N18,,2026-01-01/2026-06-30,separate_loan_repayments,87160000,RUB,portfolio_cash_flow,reported_loan_portfolio_not_notes,S48,p8 investing cash flows,,,,,,not_obtained,no,Independent bank confirmation,371200000 minus87160000 equals284040000
R26,a7,N18,,2026-06-30,separate_loan_closing_balance,284040000,RUB,reported_book_value,reported_loan_portfolio_not_notes,S48,p14 Note9 related-party loans,,,,,,not_obtained,no,Independent bank confirmation,Not a note redemption total
R27,a7,N18,,2026-01-01/2026-06-30,deposit_accounts_opening,688764000,RUB,aggregate_book_movement,classification_unresolved_not_serial_linked,S49,p19 Table5.1 deposit accounts row,,,,,,not_obtained,no,Preparer classification clarification and analytical subledger,Opening matches2025 note initial value only numerically; computed closing514412000 differs by1000RUB; no silent repair
R28,a7,N18,,2026-01-01/2026-06-30,deposit_accounts_additions,1183854000,RUB,aggregate_book_movement,classification_unresolved_not_serial_linked,S49,p19 Table5.1 deposit accounts row,,,,,,not_obtained,no,Preparer classification clarification and analytical subledger,Opening matches2025 note initial value only numerically; computed closing514412000 differs by1000RUB; no silent repair
R29,a7,N18,,2026-01-01/2026-06-30,deposit_accounts_derecognized_original_cost,1358206000,RUB,aggregate_book_movement,classification_unresolved_not_serial_linked,S49,p19 Table5.1 deposit accounts row,,,,,,not_obtained,no,Preparer classification clarification and analytical subledger,Opening matches2025 note initial value only numerically; computed closing514412000 differs by1000RUB; no silent repair
R30,a7,N18,,2026-01-01/2026-06-30,deposit_accounts_reported_closing,514411000,RUB,aggregate_book_movement,classification_unresolved_not_serial_linked,S49,p19 Table5.1 deposit accounts row,,,,,,not_obtained,no,Preparer classification clarification and analytical subledger,Opening matches2025 note initial value only numerically; computed closing514412000 differs by1000RUB; no silent repair
R31,a7,N18,,2026-06-30,current_financial_investments,808713000,RUB,reported_book_value,reported_aggregate_not_serial_linked,S48,p5 statement of financial position,,,,,,not_obtained,no,Detailed investment inventory including any A7-named notes,Broader category not an A7 outstanding balance
