manifest_id,source_ids,url,document_date,retrieved_at,acquisition_status,document_kind,dependency_chain,locator,sha256,bytes,review_scope,limitation
M01,S02,https://www.info-res.org/app/uploads/2025/10/A7-Abroad-FINAL-Copy.pdf,2025-10,2026-10-09T22:50:49.561638+00:00,bytes_obtained,investigative_report,CIR cites FrankMedia and Star-Pro for pledge; earlier registry extracts for ownership,printed pages 3-5 and Figure 1,9cc33b8b302e8dc0e2c635baed6f204bdf7427b8282c1546a650029f65c03f9f,917736,Text and embedded source hyperlinks examined; ownership/pledge figure images inspected,CIR cites FrankMedia and Star-Pro for pledge; earlier registry extracts for ownership
M02,S03,https://cfcanada.fticonsulting.com/talon/docs/Receiver%27s%20First%20Report%20%28Security%20Opinion%2C%20Status%20Report%29.pdf,2016-12-14,2026-10-09,web_retrieved,court_filed_report,Court-filed report; reliance on unaudited respondent information disclosed,paragraphs 1 5-6 15-17 and Appendix D,,,Paragraphs15-17 and AppendixD checked against pages; not an audit of underlying accounting,Court-filed report; reliance on unaudited respondent information disclosed
M03,S04,https://cfcanada.fticonsulting.com/talon/reports.htm,2016-2019,2026-10-09,web_retrieved,court_archive_index,Primary archive,first to final reports,,,Archive/index navigation; not every linked filing reviewed,Primary archive
M04,S08,https://home.treasury.gov/news/press-releases/sb0644,2026-10-01,2026-10-09,web_retrieved,official_assessment,Official government assessment,A7 section,,,Official A7 and Iranian-actor attribution checked; underlying government evidence not obtained,Official government assessment
M05,S09,https://home.treasury.gov/news/press-releases/sb0225,2025-08-14,2026-10-09,web_retrieved,official_assessment,Official government assessment,GRINEX and KEY GARANTEX PERSONNEL sections,,,Official A7/Garantex attribution and designation context checked,Official government assessment
M06,S17,https://7kbw.co.uk/wp-content/uploads/2016/06/Luxe_v_Midland_Resources-1.pdf,2010-07-23,2026-10-09T22:50:49.561233+00:00,bytes_obtained,judgment_reproduction,Original judgment reproduced by counsel; interim injunction decision; not bank confirmations,HC10C01784; paragraphs 5-6 9 14 16 22-27 and 45,bf108d67cc8ed593d029b122a221cd30b693cf6d62f65ee6735bf2ec55e6212a,210828,Complete22-page text available; focused review paragraphs5-27 and45; no referenced exhibits obtained,Original judgment reproduced by counsel; interim injunction decision; not bank confirmations
M07,S18,https://cfcanada.fticonsulting.com/talon/docs/6.pdf,2016-10-25,2026-10-09T22:39:22Z,bytes_obtained,court_filed_affidavit_and_exhibits,Original filed affidavit and exhibit copies; sworn assertions sometimes based on counsel; scanned 1029-page file only selectively image-reviewed,CV-16-11573-00CL; affidavit paragraphs 44-55 and 69-74; Ex D physical p138; Ex V pp631 649-650; Ex W pp653-655,f61ef65622cb8e11689ab76f56d0345af0a532fea4ad2c073b60396884e7d522,52387204,Scanned1029pages; selected affidavit and exhibits visually reviewed; not exhaustive full-text search; no OCR,Original filed affidavit and exhibit copies; sworn assertions sometimes based on counsel; scanned 1029-page file only selectively image-reviewed
M08,S19,https://cfcanada.fticonsulting.com/talon/docs/Receiver%27s%20Fourth%20Report%20%28Sale%20Approval%2C%20Fee%20Approval%2C%20Discharge%29.pdf,2017-03-16,2026-10-09,web_retrieved,court_filed_report_and_inventory,Original receiver report and contract inventory; inventory is not executed underlying Trump agreements,Appendix A Schedule A; physical pp63-64 items 2 3 and 12,,,ScheduleA physical63-64 images and text; not all368pages reviewed,Original receiver report and contract inventory; inventory is not executed underlying Trump agreements
M09,S20,https://www.rise.md/wp-content/uploads/2024/10/%D0%A1%D0%9F%D0%90%D0%A0%D0%9A-%D0%92%D1%8B%D0%BF%D0%B8%D1%81%D0%BA%D0%B0_%D0%B8%D0%B7_%D0%95%D0%93%D0%A0%D0%AE%D0%9B_1247700586891_20241003_225050.pdf,2024-10-03,2026-10-09,web_retrieved,historical_registry_reproduction,Registry extract reproduced through commercial SPARK; historical snapshot; no fresh certified FNS response or cryptographic authentication,pp1-4; items 18-20 25-29 35-56; OGRN 1247700586891,,,pp1-4 identity ownership and dates; ownership page image checked; personal tax IDs omitted,Registry extract reproduced through commercial SPARK; historical snapshot; no fresh certified FNS response or cryptographic authentication
M10,S21,https://www.rise.md/wp-content/uploads/2024/10/%D0%A1%D0%9F%D0%90%D0%A0%D0%9A-%D0%92%D1%8B%D0%BF%D0%B8%D1%81%D0%BA%D0%B0_%D0%B8%D0%B7_%D0%95%D0%93%D0%A0%D0%AE%D0%9B_1247700421341_20241003_234420.pdf,2024-10-03,2026-10-09,web_retrieved,historical_registry_reproduction,Same SPARK/RISE documentary family as S20; underlying ownership evidence not independent of CIR reuse,pp1-4; items 26-30 and 39-56; OGRN 1247700421341,,,pp1-4 identity ownership dates and CEO; pp3-4 images checked; personal tax IDs omitted,Same SPARK/RISE documentary family as S20; underlying ownership evidence not independent of CIR reuse
M11,S22,https://ofac.treasury.gov/recent-actions/20220222,2022-02-22,2026-10-09,web_retrieved,official_designation,Official designation identifies aliases and entity; not evidence of a particular loan or account transaction,Vnesheconombank entry; OGRN 1077711000102; INN 7750004150,,,VEB aliases and corporate identifiers checked; no detailed statutory succession analysis,Official designation identifies aliases and entity; not evidence of a particular loan or account transaction
M12,S23,https://ofac.treasury.gov/recent-actions/20250814,2025-08-14,2026-10-09,web_retrieved,official_designation,Official administrative designation; independent identifier cross-check not authentication of every registry field,A7 LLC; A71 LLC; A7 Agent LLC entries,,,A7/A71/A7Agent entries checked; no entire sanctions-list audit,Official administrative designation; independent identifier cross-check not authentication of every registry field
M13,S24,https://invest-wm-wmback-wm-finance-issuance.t-static.ru/01a0f837-f31f-76b9-8b57-fb9e1500fd7e,2026-09,2026-10-09T22:50:49.660721+00:00,bytes_obtained,first_party_presentation,First-party company description; not independently audited loan schedule or proof that every illustrated payment occurred,physical pp8-10 ownership and funding diagrams,237174b8939574b329fe7667536268a28c32d5e46d68a818869f3f1f8363b1c2,914967,pp8-10 diagrams image-checked; selected timeline and financial context read; no bank confirmations,First-party company description; not independently audited loan schedule or proof that every illustrated payment occurred
M14,S25,https://aragonsk.ru/zed/files/121_125.pdf,2026-04-30,2026-10-09T22:50:50.000751+00:00,bytes_obtained,counterparty_financial_statements,Counterparty financial statement; issuer named A7 without issuer OGRN in table; holdings not bank-verified transfers; PDF metadata title is unreliable,physical p3 entity identification; p24 Note 16 A7 promissory-note table,1e29f4bee9c0557b49ad5ad10e868ad4382bdce22b8a2c4b2ecc88232845c664,2256915,Cover auditor/entity identification and Note16 p24 image-checked;13rows transcribed; no bank confirmations,Counterparty financial statement; issuer named A7 without issuer OGRN in table; holdings not bank-verified transfers; PDF metadata title is unreliable
M15,S26,https://www.e-disclosure.ru/portal/files.aspx?id=39813&type=4,2026-09-30,2026-10-09,web_retrieved,disclosure_index,Index retrieved by web; underlying ZIPs not retrieved; no reliance on unexamined financial statements,2024 annual; 2025 annual; 2026 half-year archives listed September 30,,,Index only; listedZIPs not retrieved despite web-click and HTTP403 acquisition attempts,Index retrieved by web; underlying ZIPs not retrieved; no reliance on unexamined financial statements
M16,S27,https://e-disclosure.azipi.ru/messages/4588665/,2026-09-18,2026-10-09,web_retrieved,issuer_notice_reproduction,Issuer notice reproduced on disclosure service; RUB200bn programme ceiling not issuance proceeds or VEB advances,decision September 17; issuer 00289-L; programme 4-00289-L-001P-02E,,,Programme amount issuer and programme identifiers checked; not issue settlement notices,Issuer notice reproduced on disclosure service; RUB200bn programme ceiling not issuance proceeds or VEB advances
M17,S28,https://www.govinfo.gov/content/pkg/FR-2026-10-05/pdf/2026-20371.pdf,2026-10-05,2026-10-09T22:50:50.202046+00:00,bytes_obtained,official_proposed_rule,Published version of S01 not a separate confirmation; footnote23 explicitly depends on CIR S02,91 FR 63208; physical p4 printed63211 footnote23; FINCEN-2026-0265,f2824bf06e3c7696bb379e95a92fed7a3b1c846fd4146edfdf34ce24d28e5556,499013,Proposed-rule status and footnote23 checked in publishedPDF; finding distinct from proposed remedy,Published version of S01 not a separate confirmation; footnote23 explicitly depends on CIR S02
M18,S29,https://cs.brown.edu/people/jsavage/VotingProject/2017_05_17_WSJ_RussianState-RunBankFinancedDealInvolvingTrumpHotelPartner.pdf,2017-05-17,2026-10-09,web_retrieved,journalism_reproduction,Same WSJ investigation as S05; alternative copy not independent corroboration; reported disclosure receipts not original forms,pp1 and3-4; original statement and next-day qualification; printed edition May18,,,All4pages available; original statement subsequent qualification denial and reported fees reviewed; no original disclosure forms,Same WSJ investigation as S05; alternative copy not independent corroboration; reported disclosure receipts not original forms
M19,S30,https://ofac.treasury.gov/media/937216/download?inline=,2026-10-09,2026-10-09,web_retrieved,general_license,Original legal authorization; not a delivery invoice payment or government procurement contract,p1 paragraphs a-b,,,Complete1-page instrument and page image reviewed,Original legal authorization; not a delivery invoice payment or government procurement contract
M20,S31,https://ofac.treasury.gov/recent-actions/20261009,2026-10-09,2026-10-09,web_retrieved,official_designation,Official administrative action; not evidence of Russian causation,ICC entity SDN entry; ICC-EO14203; General Licenses13-16,,,ICC entity designation and linkedGL13-16 reviewed; GL15/16 contents not relied on,Official administrative action; not evidence of Russian causation
M21,S32,https://ofac.treasury.gov/media/937186/download?inline=,2026-10-09,2026-10-09,web_retrieved,general_license,Original exception; maintenance authorization must not be omitted from sanctions-effects analysis,p1 maintenance/wind-down paragraphs a-c,,,Complete1-page instrument reviewed with image,Original exception; maintenance authorization must not be omitted from sanctions-effects analysis
M22,S33,https://ofac.treasury.gov/media/937191/download?inline=,2026-10-09,2026-10-09,web_retrieved,general_license,Original telecom/internet/enterprise-software exception; no stated April2027 expiration in this instrument,pp1-2 paragraphs a-e and notes1-2,,,Both pages and paragraphs a-e read; image inspected; no stated expiry,Original telecom/internet/enterprise-software exception; no stated April2027 expiration in this instrument
M23,S34,https://www.whitehouse.gov/presidential-actions/2025/02/imposing-sanctions-on-the-international-criminal-court/,2025-02-06,2026-10-09,web_retrieved,executive_order,Executive order; stated rationale is not proof of all motives; distinguish EO from later designations,preamble and operative sections,,,Preamble and operative sanctions authority read; not an adjudication of stated rationale,Executive order; stated rationale is not proof of all motives; distinguish EO from later designations
M24,S35,https://www.rise.md/articol/afacerile-lui-sor-cu-guvernul-rusiei/,2024-10-04,2026-10-09,web_retrieved,investigative_discovery_article,Discovery article upstream of CIR; rely on linked extracts rather than treating article and CIR as independent ownership confirmations,links to historical A7 and Exim SPARK extracts,,,Discovery article and exactlinks toS20/S21 followed; narrative not treated as registry authentication,Discovery article upstream of CIR; rely on linked extracts rather than treating article and CIR as independent ownership confirmations
M25,S36,https://github.com/mfreeze77/DJT/blob/730b1f25dba8900743fc67eee42300d9e6dda1a7/rinfo.json,2026-10-09,2026-10-09,bytes_obtained,internal_metadata,Internal directory inventory only; underlying files unavailable and their provenance not authenticated,Entire JSON parsed; 2968 dictionaries and44496 string leaves,6ecd7c7c9e7673b7599750611813dce754cb9e84d91fc001ffb05ca0a6093ba4,3569917,AllJSON nodes parsed and key paths searched; referenced files not opened or searched,Internal directory inventory only; underlying files unavailable and their provenance not authenticated
M26,S02,https://archive.is/cK9QW,2025 archive date not authenticated,2026-10-09,not_obtained,unobtained_target,See source S02,Star-Pro link embedded in CIR; no readable archived record obtained,,,No unseen contents relied upon,Star-Pro link embedded in CIR; no readable archived record obtained
M27,S26,https://www.e-disclosure.ru/portal/files.aspx?id=39813&type=4,2026-09-30,2026-10-09,not_obtained,unobtained_target,See source S26,HTTP403 in acquisition workflow for index bytes; web index available but linkedZIP attempts failed; no archive contents obtained,,,No unseen contents relied upon,HTTP403 in acquisition workflow for index bytes; web index available but linkedZIP attempts failed; no archive contents obtained
M28,S18,CV-16-11573-00CL; June6 2011 MRHL assignment referenced in paragraph74,on/about2011-06-06,2026-10-09,not_obtained,unobtained_target,See source S18,Target identified in affidavit; executed assignment not obtained; not represented as a failed request to registry,,,No unseen contents relied upon,Target identified in affidavit; executed assignment not obtained; not represented as a failed request to registry
M29,S17,HC10C01784; May19 2010 SPA and paragraph16 SWIFT enclosures,2010-05-19,2026-10-09,not_obtained,unobtained_target,See source S17,Referenced targets not obtained; court not contacted; no assertion that filings are public or available,,,No unseen contents relied upon,Referenced targets not obtained; court not contacted; no assertion that filings are public or available
M30,S19,CV-16-11573-00CL; ScheduleA items2-3 and12,2007-2012,2026-10-09,not_obtained,unobtained_target,See source S19,Contract references obtained; actual Trump licence and fee ledgers not obtained,,,No unseen contents relied upon,Contract references obtained; actual Trump licence and fee ledgers not obtained
