reconciliation_id,chain,date_or_period,measure,amount,currency,source_ids,locator,cash_proven,link_status,include_in_totals,reconciliation_limit,next_document
GO01,acquisition,2010-05-19,purchase_price,850000000,USD,S17;S71,S17paras42-45;S71para903,no,contract-price context,no,Price not a verified single seller bank credit,Executed closing statement
GO02,acquisition,2010purchase,tranche_amount_each_of_two,425000000,USD,S71,para903,no,court-described price structure,no,Two components ofGO01; do not add toGO01again,Tranche schedule and receipts
GO03,acquisition,2010-05-19,Etmor_payment_for_Parborio,105825000,USD,S71,paras902-904;919-932,judicial_account_not_bank_reconstructed,provider and ultimate account open,no,T22kept unchanged; not additional850m; no VEBpayer substitution,Etmor instruction source and receiving account
GO04,settlement,2009-12-30,amended_settlement_obligation,281000000,USD,S71,para901,no,court-described obligation,no,Not all acquisition price or Toronto financing,Executed amended settlement and account
GO05,settlement,2010-05-05,rounded_internal_liability,280000000,USD,S71,para926,no,original exhibit unacquired,no,Rounded court-described figure not forced to reconcile281m,May5presentation
GO06,settlement,August2010/updateproduced2010-09-13,rounded_remaining_liability,174000000,USD,S71,para926,no,original exhibit unacquired,no,Do not label280-105.825 exact rollforward; no account-entry proof,September13update and supporting ledger
GO07,Ukraineprosecution,2010-2012,aggregate_credit_allegation_greater_than,940000000,USD,S80,prosecutor credit/security narrative,no,facility and advances unproved,no,Allegation not proceeds or additionalGO01; stated uses not audited application,Original facility charge pledge and draw documents
GO08,Toronto,2007-10-09,registered_security_face,200000000,CAD,S18,MRHLchargeAT1599260;para72,no,instrument secures obligations,no,Face not advance; predates2010sale,Debt ledger and secured-obligation schedules
GO09,Toronto,on/about2011-06-06,reported_debt_charge_assignment,,,S18;S37,Wolfpara74;later priority recognition,no,executed2011deed and consideration open,no,Unknown is not zero; assignment not cash movement,MRHL-MDIassignment debt schedule consideration
GO10,Toronto,2016-09-30,reported_principal_plus_interest_due,105651246,CAD,S18,Wolfpara71,no,sworn report attributed to counsel,no,Principal/interest split not obtained;15percent annual rate not sufficient to backsolve advances,Dated advance repayment and accrual rollforward
GO11,Toronto,2016-09-30,reported_guarantee_fee_due,9315000,CAD,S18,Wolfpara71,no,separate reported fee obligation,no,Not Trump income; fee due not proof paid; no interest stated on fee,Guarantee-fee ledger invoices and settlement
GO12,Toronto,2010onward,steel_proceeds_applied_to_Toronto,,,S17;S18;S71,cross-record proposed connecting leg,no,open; RF-014 withdrawn/unconfirmed,no,Documented seller/guarantor identity not cash provenance; no revived15m,Seller credits Toronto funding demands agent application records
GO13,Toronto,2017calendar,mixed_OGE_economic_benefit,2273297,USD,S47,R03/Q01,no,reported benefit; component allocation open,no,Not merely hypothetical right; not Russian-source tracing,Recipient/remitter ledger operating-vs-buyoutallocation
GO14,Toronto,TY2017,QSub_NYC3L_taxable_income_exclusion_statement,2219431,USD,S63,physical38TY2017GenDep,no,named tax amount located; cash/fee match open,no,Not gross receipts fees cash or buyout; no forceddifferenceagainstGO13,Manager NYC3L trial balance and elimination schedules
GO15,Toronto,2017-06-27,announced_buyout_consideration,,,S74,announcement,no,price completion and allocation open,no,Unknown not zero;JCF/Talon/condominiums/remitter/recipient separate,Executed agreement completion statement and allocation
GO16,UKsubsidiary,2009-07-31;2010-07-31,filed_net_assets_each_reviewed_year,2,GBP,S97;S92,balance sheets,no,filed-company counterevidence,no,Not group-wide asset limit or bank audit; no850millionflowshown,Reporting perimeter nominee/trust records and books
GO17,economicdependence,2007-2017,financing_sustained_Toronto_contractual_value,,,S18;S47;S74,guarantee obligations versus later benefit,no,separate hypothesis not established,no,Requires timing liquidity needs alternatives actual use and contractual causation; neither missing wires nor later benefit resolves it,Demands consultant calculations funding alternatives agent postings
