node_id,raw_incident_rows,visible_connection_rows,matched_table_rows,ambiguous_rows,unmatched_page_rows,raw_not_in_table,same_company_anchor_rows,page_sha256,source_id,service_hub,limit
10088926,3,3,3,0,0,,,defc4237e55690f16cec92e03b7da1b5118683993265e75a7f9dfa490847ed2d,S78,no,"First-degree scoped review only; service provider edges are custody leads, not financial paths"
10173628,7,7,7,0,0,,1289949,7037b1b48125799ecedfb3cf47293e94719b6068e8fdbdbeff8b239b411039e6,S78,no,"First-degree scoped review only; service provider edges are custody leads, not financial paths"
10210594,13,13,13,0,0,,,ba9b2708579f1165ae031782e9a89f8cae34b889e8cc75dc6d5e6900e2d659b4,S77,no,"First-degree scoped review only; service provider edges are custody leads, not financial paths"
11003807,8,8,8,0,0,,,9e7b26f695b244d4ad8a76c6633bee743fe5aa18f27ec4a444d86995bae71de6,S78,yes,"First-degree scoped review only; service provider edges are custody leads, not financial paths"
12099846,3,3,3,0,0,,,e93b768f7649fa8008dc59e9fff4935aaa2604eb13f5bdcc82f5c9cbb1035df2,S78,no,"First-degree scoped review only; service provider edges are custody leads, not financial paths"
12121184,2,2,2,0,0,,,d3d2db41776e81e229fa74df45491338b2693ccf0797469168cb8aaeae50b0fa,S78,no,"First-degree scoped review only; service provider edges are custody leads, not financial paths"
12133896,2,2,2,0,0,,,111d6a636cb73ea737173965105cff3f7e2dd91a85f07c2b04e89e5587e5ebcf,S78,no,"First-degree scoped review only; service provider edges are custody leads, not financial paths"
12141123,2,2,2,0,0,,,6e138eac4cc939fdec23ceb164011e19b17ae90ada6abfac0f1b07a34ccb7af2,S78,no,"First-degree scoped review only; service provider edges are custody leads, not financial paths"
12146270,2,2,2,0,0,,,bf2b8bf95f84fb6c9d9f631203c7a854ad28f6a0db91cb3c7a8f5a4a34a1ea9a,S78,no,"First-degree scoped review only; service provider edges are custody leads, not financial paths"
12155628,2,2,2,0,0,,,c4eb8c7da8f55249ed652ce9864108a4e62ff21fca7d72a6fe754552c67a323c,S78,no,"First-degree scoped review only; service provider edges are custody leads, not financial paths"
12159818,2,2,2,0,0,,,1c8ba8be2f7709d5f10563781ccc9a90f3f994b07a6c5f1093465e035ee5b234,S78,no,"First-degree scoped review only; service provider edges are custody leads, not financial paths"
12163340,2,2,2,0,0,,,ebf9ff78fb72dbe43b0a3cbf61850d873f95c2ecc283c580bdd6183350ae7ab0,S78,no,"First-degree scoped review only; service provider edges are custody leads, not financial paths"
12167368,2,2,2,0,0,,,6c91e1f4528c0c565e9301df86d01366eb816c2dca84e430737b05021c3a261a,S78,no,"First-degree scoped review only; service provider edges are custody leads, not financial paths"
12205452,3,3,3,0,0,,,4991129bf04d4178bddf3e0f8d5c6b66c98927e1730a7d904965c55b275aa34a,S78,no,"First-degree scoped review only; service provider edges are custody leads, not financial paths"
20025856,2,2,2,0,0,,1289949,babf06f21761f7c1a17ec64cb55f67f99e324311d48c1d00a39f371da91dcc1a,S78,no,"First-degree scoped review only; service provider edges are custody leads, not financial paths"
