owner_raw_node_id,owner_original_name,owned_raw_node_id,source_start_date,source_end_date,date_type,csv_row,source_dataset,old_selected_edge,percentage,present_ownership_proven,replacement_proven,source_id,limit
12155628,MIDLAND RESOURCES HOLDING LIMITED,10210594,30-MAR-2007,23-MAY-2010,ICIJ relationship dates; not bank/payment or execution dates,494203,Panama Papers,OE03,,no,no,S59,Blank end date is not present ownership; overlapping rows not replacement; Equalchance IDs remain separate
12141123,BELEGO HOLDINGS LIMITED,10210594,23-MAY-2010,,ICIJ relationship dates; not bank/payment or execution dates,452081,Panama Papers,OE02,,no,no,S59,Blank end date is not present ownership; overlapping rows not replacement; Equalchance IDs remain separate
12159818,PARBORIO HOLDINGS LIMITED,10210594,23-MAY-2010,,ICIJ relationship dates; not bank/payment or execution dates,506896,Panama Papers,OE04,,no,no,S59,Blank end date is not present ownership; overlapping rows not replacement; Equalchance IDs remain separate
12163340,EQUALCHANCE PROCESSING LIMITED,10210594,23-MAY-2010,,ICIJ relationship dates; not bank/payment or execution dates,521674,Panama Papers,OE05,,no,no,S59,Blank end date is not present ownership; overlapping rows not replacement; Equalchance IDs remain separate
12167368,SILENI TRADING LIMITED,10210594,23-MAY-2010,,ICIJ relationship dates; not bank/payment or execution dates,533397,Panama Papers,OE06,,no,no,S59,Blank end date is not present ownership; overlapping rows not replacement; Equalchance IDs remain separate
12205452,ATINIA VENTURES LIMITED,10210594,23-MAY-2010,,ICIJ relationship dates; not bank/payment or execution dates,640469,Panama Papers,OE07,,no,no,S59,Blank end date is not present ownership; overlapping rows not replacement; Equalchance IDs remain separate
12099846,EQUALCHANCE PROCESSING LIMITED,10210594,29-DEC-2011,,ICIJ relationship dates; not bank/payment or execution dates,336664,Panama Papers,omitted_from_old_selection,,no,no,S59,Blank end date is not present ownership; overlapping rows not replacement; Equalchance IDs remain separate
12205452,ATINIA VENTURES LIMITED,10210594,29-DEC-2011,,ICIJ relationship dates; not bank/payment or execution dates,640470,Panama Papers,OE08,,no,no,S59,Blank end date is not present ownership; overlapping rows not replacement; Equalchance IDs remain separate
12099846,EQUALCHANCE PROCESSING LIMITED,10210594,12-DEC-2012,,ICIJ relationship dates; not bank/payment or execution dates,336663,Panama Papers,omitted_from_old_selection,,no,no,S59,Blank end date is not present ownership; overlapping rows not replacement; Equalchance IDs remain separate
12121184,Quinira Holdings Limited,10210594,12-DEC-2012,,ICIJ relationship dates; not bank/payment or execution dates,394235,Panama Papers,OE01,,no,no,S59,Blank end date is not present ownership; overlapping rows not replacement; Equalchance IDs remain separate
12146270,Freegain Trading Limited,10210594,12-DEC-2012,,ICIJ relationship dates; not bank/payment or execution dates,466882,Panama Papers,omitted_from_old_selection,,no,no,S59,Blank end date is not present ownership; overlapping rows not replacement; Equalchance IDs remain separate
