node_id,node_type,name,original_name,former_name,jurisdiction,registration_identifier,source_dataset,csv_member,csv_row,raw_fields_sha256,matched_fields,decision,reason,automatic_merge
81026116,addresses,[irrelevant personal/address match withheld],,,,,Paradise Papers - Appleby,nodes-addresses.csv,158226,774304e826c21171c65ad8f04f929964cf56191925a72911bb45ec975f0eb0ba,name,rejected_substring_false_positive,Broad literal pattern hits unrelated personal/address text; no identity evidence,no
81011128,addresses,[irrelevant personal/address match withheld],,,,,Paradise Papers - Appleby,nodes-addresses.csv,208080,99b939e69a1fe3e21f0d44827c23d582223508cbfedd4ea2bf19ee5f797f2152,name,custodian_candidate_only,Same service-provider name/address variant; no common-funds or enterprise inference; no second-degree client expansion,no
10018466,entities,GLOBAL STEEL INVESTMENTS LTD.,GLOBAL STEEL INVESTMENTS LTD.,,SEY,022113,Panama Papers,nodes-entities.csv,18317,505af6bc59e1a67fa84c3354d6eb59dc0e40868e8309a498bcfbc2ff2a4e1cbb,name;original_name,excluded_from_UK_identity,Seychelles jurisdiction/registration differs from UK05188128; name similarity does not establish continuity,no
10088926,entities,MIDLAND RESOURCES HOLDING LIMITED,MIDLAND RESOURCES HOLDING LIMITED,,BVI,366883,Panama Papers,nodes-entities.csv,90070,c3b2832fe97b9ed26adc47c19c04d5be90dad6da9967aa46070d88eb81db917e,name;original_name,scoped_seed_kept_separate,Explicitly scoped node; raw identity preserved without automatic legal-entity merge,no
10173628,entities,EASTRADE LTD.,EASTRADE LTD.,,BAH,"25,856B",Panama Papers,nodes-entities.csv,173225,b6035a63869a8903fc6a1fba0c0633f20869bf2c088248b0c0f8ccb6781c8b80,name;original_name,scoped_seed_kept_separate,Explicitly scoped node; raw identity preserved without automatic legal-entity merge,no
10210594,entities,GORLANE BUSINESS INC.,GORLANE BUSINESS INC.,,BVI,,Panama Papers,nodes-entities.csv,210077,e510bca6d35381c88cccdd48cffda6fc140252e019822e0e53ac19584a563bd4,name;original_name,scoped_seed_kept_separate,Explicitly scoped node; raw identity preserved without automatic legal-entity merge,no
220177,entities,Detmore Systems Corp.,,,XXX,541834,Offshore Leaks,nodes-entities.csv,288618,a0fca7b27d4ed6356136db2002af4c8ade39f27a3e58c17ab6194884782c7c78,name,not_resolved_as_scoped_company,Different suffix/name or no legal identifier continuity; not silently merged or expanded,no
20025856,entities,EASTRADE LTD.,EASTRADE LTD.,,BAH,25856B,Bahamas Leaks,nodes-entities.csv,348274,91a78a0d4b58fc7265d5a8060a661cf67fa513ec674cf83344151896e09fd44d,name;original_name,scoped_seed_kept_separate,Explicitly scoped node; raw identity preserved without automatic legal-entity merge,no
20044614,entities,[irrelevant personal/address match withheld],,,BAH,44614B,Bahamas Leaks,nodes-entities.csv,357094,684a03742094b54ab29613582c571aa11fa21a12f6173c3cd0e49b30e268a9e2,name;original_name,rejected_substring_false_positive,Broad literal pattern hits unrelated personal/address text; no identity evidence,no
20116411,entities,STALATINIAN LIMITED,STALATINIAN LIMITED,,BAH,116411B,Bahamas Leaks,nodes-entities.csv,419023,7bfddadb425aafa25541be9c669ae4dbab2a0c24e699a070919a4ae2239dd75b,name;original_name,not_resolved_as_scoped_company,Different suffix/name or no legal identifier continuity; not silently merged or expanded,no
20111122,entities,[irrelevant personal/address match withheld],,,BAH,111122B,Bahamas Leaks,nodes-entities.csv,428851,3a44d3ab738527ed94a4768067884607d137e428b7af7d399f088f46647f12d4,name;original_name,rejected_substring_false_positive,Broad literal pattern hits unrelated personal/address text; no identity evidence,no
20111417,entities,"JETMORE DEVELOPMENT GROUP, INC.","JETMORE DEVELOPMENT GROUP, INC.",,BAH,111417B,Bahamas Leaks,nodes-entities.csv,438360,24401597633d968a9718d738b1942766ece419abbb693072d5127919aa9b5d07,name;original_name,not_resolved_as_scoped_company,Different suffix/name or no legal identifier continuity; not silently merged or expanded,no
55055966,entities,FIDUSERVE SERVICES LIMITED,,,MLT,C60367,Paradise Papers - Malta corporate registry,nodes-entities.csv,771316,def8293c0c493a0887cfb26aa947e1bf31b7ac607577f77a8b2d61eb9e419477,name,custodian_candidate_only,Same service-provider name/address variant; no common-funds or enterprise inference; no second-degree client expansion,no
55068211,entities,NATINIA PROPERTIES LTD,,,MLT,C71388,Paradise Papers - Malta corporate registry,nodes-entities.csv,783417,4b828a6d08c448275cfb235f0bccbda3e2701478225a0458da5006f1fafd4ae1,name,not_resolved_as_scoped_company,Different suffix/name or no legal identifier continuity; not silently merged or expanded,no
240550475,entities,Atinia Trading Limited,,,VGB,,Pandora Papers - Trident Trust,nodes-entities.csv,806513,65a094879a612f12734d52eac278e58dfd4ef2f7c07d3df053986d4454974715,name,not_resolved_as_scoped_company,Different suffix/name or no legal identifier continuity; not silently merged or expanded,no
240242694,entities,Eastrade International Ltd.,,,BVI,1570753,Pandora Papers - Commence Overseas,nodes-entities.csv,808563,97b677d84f1c5d919e062a7370ad193bb31b2395504d73ce894cb9e735397f39,name,not_resolved_as_scoped_company,Different suffix/name or no legal identifier continuity; not silently merged or expanded,no
11003807,intermediaries,FIDUSERVE CORPORATE SERIVCES LTD,,,,,Panama Papers,nodes-intermediaries.csv,3808,8b716f38ef9022801b32909021660987277002537c0a76bbe96bc763dcde85c1,name,scoped_seed_kept_separate,Explicitly scoped node; raw identity preserved without automatic legal-entity merge,no
12085103,officers,MIDLAND RESOURCES HOLDING LIMITED,,,,,Panama Papers,nodes-officers.csv,82590,ef5596d5d157a175a533fcd7f7715c4b2f57fedabed002bdd6ddb1ef50e8b435,name,unresolved_same_name_record,No corporate continuity or common registration proof; not merged with Guernsey seller or BVI candidate; not a resolved traversal seed,no
12099846,officers,EQUALCHANCE PROCESSING LIMITED,,,,,Panama Papers,nodes-officers.csv,96844,a07dc51497809f51da387c8a5bd6db368d478a8da8a3fb3fdae8afbe1743b351,name,scoped_seed_kept_separate,Explicitly scoped node; raw identity preserved without automatic legal-entity merge,no
12121184,officers,Quinira Holdings Limited,,,,,Panama Papers,nodes-officers.csv,118982,d6851af524e34ecec81e82575f87b6395616159baf4de7a57111c366c16ebece,name,scoped_seed_kept_separate,Explicitly scoped node; raw identity preserved without automatic legal-entity merge,no
12125131,officers,MIDLAND RESOURCES HOLDING LIMITED,,,,,Panama Papers,nodes-officers.csv,122883,78215c182b8e106a2aae8eea4559c2f0d2b61f9346669c466f24a16971b7f5e5,name,unresolved_same_name_record,No corporate continuity or common registration proof; not merged with Guernsey seller or BVI candidate; not a resolved traversal seed,no
12130837,officers,MIDLAND RESOURCES HOLDING LIMITED,,,,,Panama Papers,nodes-officers.csv,128760,0611bd4d604486ef13504246074d459b312465fdfd617feb1ac8314b76650a4f,name,unresolved_same_name_record,No corporate continuity or common registration proof; not merged with Guernsey seller or BVI candidate; not a resolved traversal seed,no
12133896,officers,GORLANE BUSINESS INC.,,,,,Panama Papers,nodes-officers.csv,132256,ea543710a793a6a101001927806176b38cabda8f8c5b42636b59922364c77a6f,name,scoped_seed_kept_separate,Explicitly scoped node; raw identity preserved without automatic legal-entity merge,no
12136120,officers,MIDLAND RESOURCES HOLDING LIMITED,,,,,Panama Papers,nodes-officers.csv,134753,ec51a86c83d1264f7527fd90f8ee4a812577da9626f0477431070d99b1afa72b,name,unresolved_same_name_record,No corporate continuity or common registration proof; not merged with Guernsey seller or BVI candidate; not a resolved traversal seed,no
12141123,officers,BELEGO HOLDINGS LIMITED,,,,,Panama Papers,nodes-officers.csv,139824,68d09d530b2908a202051b01457e098b5ed40cd2a967c6c80826de1bafc15ea0,name,scoped_seed_kept_separate,Explicitly scoped node; raw identity preserved without automatic legal-entity merge,no
12146270,officers,Freegain Trading Limited,,,,,Panama Papers,nodes-officers.csv,145019,bf4d338417307dcb47e6f5cfe4e3ba82048376b88bd4544353e34221c4e0ea85,name,scoped_seed_kept_separate,Explicitly scoped node; raw identity preserved without automatic legal-entity merge,no
12155627,officers,MIDLAND RESOURCES HOLDING LIMITED,,,,,Panama Papers,nodes-officers.csv,154748,7d208723491693422c564cac321c3ae44d02987bbaa013affea54d485889e9ab,name,unresolved_same_name_record,No corporate continuity or common registration proof; not merged with Guernsey seller or BVI candidate; not a resolved traversal seed,no
12155628,officers,MIDLAND RESOURCES HOLDING LIMITED,,,,,Panama Papers,nodes-officers.csv,154749,e7db231528a19558d7dcbae3042f99eb3fe7313671412205ca2538d18baf6cf4,name,scoped_seed_kept_separate,Explicitly scoped node; raw identity preserved without automatic legal-entity merge,no
12159818,officers,PARBORIO HOLDINGS LIMITED,,,,,Panama Papers,nodes-officers.csv,158987,3e65435a44c557b29e119cbf2dc99b69db00a36630a82872a5d888dc5b596a15,name,scoped_seed_kept_separate,Explicitly scoped node; raw identity preserved without automatic legal-entity merge,no
12163340,officers,EQUALCHANCE PROCESSING LIMITED,,,,,Panama Papers,nodes-officers.csv,162321,27b0d257ec5920de81899b0fb1361421a1a077042ae7030670348cff50f84897,name,scoped_seed_kept_separate,Explicitly scoped node; raw identity preserved without automatic legal-entity merge,no
12163747,officers,MIDLAND RESOURCES HOLDING LIMITED,,,,,Panama Papers,nodes-officers.csv,162712,c8674a4952b38f32231f83f064c8b53941c978ed5a6aaaa8bc85bd271a204574,name,unresolved_same_name_record,No corporate continuity or common registration proof; not merged with Guernsey seller or BVI candidate; not a resolved traversal seed,no
12164190,officers,MIDLAND RESOURCES HOLDING LIMITED,,,,,Panama Papers,nodes-officers.csv,163143,76e68180d8ca23cb54096320feffb283aa66b81240b0be2cd192a39427156c9a,name,unresolved_same_name_record,No corporate continuity or common registration proof; not merged with Guernsey seller or BVI candidate; not a resolved traversal seed,no
12164191,officers,MIDLAND RESOURCES HOLDING LIMITED,,,,,Panama Papers,nodes-officers.csv,163144,1426e264f20cfebf769e68b2542954c3c32b2ac5e05bcb6a8d0496140e1ae29b,name,unresolved_same_name_record,No corporate continuity or common registration proof; not merged with Guernsey seller or BVI candidate; not a resolved traversal seed,no
12164831,officers,MIDLAND RESOURCES HOLDING LIMITED,,,,,Panama Papers,nodes-officers.csv,163181,b26be3c0176550e4ebd55433f857904a70815076f9797e90f48e7190c88aa8a5,name,unresolved_same_name_record,No corporate continuity or common registration proof; not merged with Guernsey seller or BVI candidate; not a resolved traversal seed,no
12164830,officers,MIDLAND RESOURCES HOLDING LIMITED,,,,,Panama Papers,nodes-officers.csv,163683,a69820e457a891a28ee266cd5af4a46bef6c2f10822576c7323f67b280194e24,name,unresolved_same_name_record,No corporate continuity or common registration proof; not merged with Guernsey seller or BVI candidate; not a resolved traversal seed,no
12165388,officers,MIDLAND RESOURCES HOLDING LIMITED,,,,,Panama Papers,nodes-officers.csv,164212,fc66e099af01697ca0efcd971f520cbb43e1a97ffcdca68a26c6d103c37b98c9,name,unresolved_same_name_record,No corporate continuity or common registration proof; not merged with Guernsey seller or BVI candidate; not a resolved traversal seed,no
12166249,officers,MIDLAND RESOURCES HOLDING LIMITED,,,,,Panama Papers,nodes-officers.csv,165020,1ffe4e9c391d680adee8bd88291039e856137471c1793ba7d36d90378d82cff3,name,unresolved_same_name_record,No corporate continuity or common registration proof; not merged with Guernsey seller or BVI candidate; not a resolved traversal seed,no
12166332,officers,MIDLAND RESOURCES HOLDING LIMITED,,,,,Panama Papers,nodes-officers.csv,165090,f5f54084eed47e97b94f2802353cca191dfa9ed3d600bd37afd29cacf6515e39,name,unresolved_same_name_record,No corporate continuity or common registration proof; not merged with Guernsey seller or BVI candidate; not a resolved traversal seed,no
12167368,officers,SILENI TRADING LIMITED,,,,,Panama Papers,nodes-officers.csv,166074,6d56380af98ae7da7c710704b7bdea1389d9b222f67f97fa18f710d5d6da90f2,name,scoped_seed_kept_separate,Explicitly scoped node; raw identity preserved without automatic legal-entity merge,no
12173894,officers,[irrelevant personal/address match withheld],,,,,Panama Papers,nodes-officers.csv,172227,703a51f33e66378a97d2fd88afecf8cf3537d3b0e365daeb93879eab9f572db2,name,rejected_substring_false_positive,Broad literal pattern hits unrelated personal/address text; no identity evidence,no
12200931,officers,MIDLAND RESOURCES HOLDING LIMITED,,,,,Panama Papers,nodes-officers.csv,198800,0c4f963faf5c0eea534eec259c93da089cf4e54c6c5c409f86e05c8d7ef5fb9f,name,unresolved_same_name_record,No corporate continuity or common registration proof; not merged with Guernsey seller or BVI candidate; not a resolved traversal seed,no
12205408,officers,Fiduserve Limited,,,,,Panama Papers,nodes-officers.csv,203190,ab05b10790c53071a6075a44c0905eb47dee7760630728c31f0ba9ec2679a1f3,name,custodian_candidate_only,Same service-provider name/address variant; no common-funds or enterprise inference; no second-degree client expansion,no
12205452,officers,ATINIA VENTURES LIMITED,,,,,Panama Papers,nodes-officers.csv,203240,d9e635f027ca232c26d42b4a952de663cf24b7fdc08aaea1a3c4946875e3d9bf,name,scoped_seed_kept_separate,Explicitly scoped node; raw identity preserved without automatic legal-entity merge,no
12209888,officers,FREEGAIN INVESTMENTS LTD.,,,,,Panama Papers,nodes-officers.csv,207625,2482eb291ae1d35de6d7c09472b906ba23f373c92ceb8bd0970cff816ceed90a,name,not_resolved_as_scoped_company,Different suffix/name or no legal identifier continuity; not silently merged or expanded,no
28886,officers,Fiduserve Limited,,,,,Offshore Leaks,nodes-officers.csv,304435,f975505248212fefa9f7b751d6290a36482f35afa7adf9e93a5c54eced7aa1ac,name,custodian_candidate_only,Same service-provider name/address variant; no common-funds or enterprise inference; no second-degree client expansion,no
26605,officers,Midland Resources Holding Limited,,,,,Offshore Leaks,nodes-officers.csv,308027,661c221b173cedb97dcbd6fe8e6ef935bd9ac75cb6fdee5560f990908888630c,name,unresolved_same_name_record,No corporate continuity or common registration proof; not merged with Guernsey seller or BVI candidate; not a resolved traversal seed,no
80065132,officers,Fiduserve Limited,,,,,Paradise Papers - Appleby,nodes-officers.csv,383765,d3c7ecaa29e6adcfa41f3d1ad84d6d9b74b5507c50db146e36814eec1193b848,name,custodian_candidate_only,Same service-provider name/address variant; no common-funds or enterprise inference; no second-degree client expansion,no
80140005,officers,Fiduserve Limited,,,,,Paradise Papers - Appleby,nodes-officers.csv,409911,40aa90572cd1bc2284b72a9a1b31c4188e9f0fe42d766b830eee46241a0c1c72,name,custodian_candidate_only,Same service-provider name/address variant; no common-funds or enterprise inference; no second-degree client expansion,no
86002132,officers,"FLANDERS-ARIAS, SILENIA DINORAH",,,,,Paradise Papers - Aruba corporate registry,nodes-officers.csv,450000,7d8519258f4b743913278af9ea1279e768fcf0728a319e96047d42a3f2211ebc,name,not_resolved_as_scoped_company,Different suffix/name or no legal identifier continuity; not silently merged or expanded,no
110090480,officers,[irrelevant personal/address match withheld],,,,,Paradise Papers - Barbados corporate registry,nodes-officers.csv,560397,bbf406c9bcda9743dbaaaf34f42edabe30fe05a0df372728340bf2b8fbcabeef,name,rejected_substring_false_positive,Broad literal pattern hits unrelated personal/address text; no identity evidence,no
56001346,officers,MIDLAND RESOURCES HOLDING LIMITED,,,,,Paradise Papers - Malta corporate registry,nodes-officers.csv,623900,b68c853d410d5b22ae0850ce47dca0a695a66bedef8d515d69578180ae673ea3,name,unresolved_same_name_record,No corporate continuity or common registration proof; not merged with Guernsey seller or BVI candidate; not a resolved traversal seed,no
56001755,officers,MIDLAND RESOURCES HOLDING LIMITED,,,,,Paradise Papers - Malta corporate registry,nodes-officers.csv,623993,999e4f1c68f26f6c3a37a0c6d454a166e90c35fb8afd01926701593ed28feea6,name,unresolved_same_name_record,No corporate continuity or common registration proof; not merged with Guernsey seller or BVI candidate; not a resolved traversal seed,no
56004700,officers,MIDLAND RESOURCES HOLDING LIMITED,,,,,Paradise Papers - Malta corporate registry,nodes-officers.csv,628353,3f461b5d14b9166f9a6b475719b87ccd0162c5ea08d80e6bae2dae1febf5f13a,name,unresolved_same_name_record,No corporate continuity or common registration proof; not merged with Guernsey seller or BVI candidate; not a resolved traversal seed,no
56020239,officers,FIDUSERVE OVERSEAS LIMITED,,,,,Paradise Papers - Malta corporate registry,nodes-officers.csv,641479,a14a39a59812a8b2dfa5a7a6595864f84b7a0c80329c4a7228787e5255cb60ee,name,custodian_candidate_only,Same service-provider name/address variant; no common-funds or enterprise inference; no second-degree client expansion,no
56035366,officers,MIDLAND RESOURCES HOLDING LIMITED,,,,,Paradise Papers - Malta corporate registry,nodes-officers.csv,655050,f2fa19eda87e09a6341d3129958673487e18850022c7f66d1db49f5d7fc7ccb0,name,unresolved_same_name_record,No corporate continuity or common registration proof; not merged with Guernsey seller or BVI candidate; not a resolved traversal seed,no
56085612,officers,FIDUSERVE SERVICES LIMITED,,,,,Paradise Papers - Malta corporate registry,nodes-officers.csv,725002,e6f1acb9980298917077442f48fba09ff3afb07ae38ae676bfa3af084d7fe1ac,name,custodian_candidate_only,Same service-provider name/address variant; no common-funds or enterprise inference; no second-degree client expansion,no
240514146,officers,FIDUSERVE LIMITED,,,,,Pandora Papers - Trident Trust,nodes-officers.csv,751184,16705494ae462a75f9460d596a348b5a604cee21e8875b1fc8ea3cf858e7e35e,name,custodian_candidate_only,Same service-provider name/address variant; no common-funds or enterprise inference; no second-degree client expansion,no
