file,source_id,manifest_id,url,sha256,bytes,page_count,native_text_pages,review_locator,actual_review,complete_content_search,ocr_used
avonwick-2020.pdf,S71,M131,https://www.judiciary.uk/wp-content/uploads/2020/07/avonwick.judgment.14.7.2020handdownfinal.pdf,e990ae714973c9434d66bdc571778fd6123f2e877971df2ae79ad493988a77aa,1915240,225,225,"paras902-904 and919-932; physical187,190-193",Relevant native reasoning and consequential page images; not entire225-page case authentication,no,no
talon-wolf-6.pdf,S18,M134,https://cfcanada.fticonsulting.com/talon/docs/6.pdf,f61ef65622cb8e11689ab76f56d0345af0a532fea4ad2c073b60396884e7d522,52387204,1029,35,physical47-48 paras71-75; physical55 paras98-101,Targeted source images plus native-only new-name search across35text-bearing pages of1029; other994image-only pages not fully searched,no,no
global-steel-document-01.pdf,S86,M155,https://find-and-update.company-information.service.gov.uk/company/05188128/filing-history/MzM0ODE5NzY1MGFkaXF6a2N4/document?format=pdf&download=0,5b0d5834cf675498817947b2f132bc2df5c832f8c2741742170b691ef048b3c5,103831,5,5,physical1;3,2022 confirmation date and Gorlane two-share row; other portions not substantively reviewed,no,no
global-steel-document-02.pdf,S87,M156,https://find-and-update.company-information.service.gov.uk/company/05188128/filing-history/MzA5MzIwNDU2M2FkaXF6a2N4/document?format=pdf&download=0,9583509b63e1c775f815038aea95ad02ae214adbe87cf92f5a199c0967b21000,21716,2,0,acquired only; substantive image review not rerun,"Acquired, not freshly image-reviewed; no new accounting claim based on this file",no,no
global-steel-document-03.pdf,S88,M157,https://find-and-update.company-information.service.gov.uk/company/05188128/filing-history/MzA4Mjc0ODA1M2FkaXF6a2N4/document?format=pdf&download=0,1717ea5ac4ef9976b009190936be090dd1fa8b42acd3e460b0f7fc24df8e2341,69154,6,0,physical1;6,"2013 annual-return date, statement of capital and Gorlane two-share row",no,no
global-steel-document-04.pdf,S89,M158,https://find-and-update.company-information.service.gov.uk/company/05188128/filing-history/MzA3Mjc1NjUzN2FkaXF6a2N4/document?format=pdf&download=0,0b1ef2c2cc4c4bc3c936c2a2c4902c2ed58d80cc36a1fa5b5dc6f32444743a8e,21331,2,0,acquired only; substantive image review not rerun,"Acquired, not freshly image-reviewed; no new accounting claim based on this file",no,no
global-steel-document-05.pdf,S90,M159,https://find-and-update.company-information.service.gov.uk/company/05188128/filing-history/MzA2NDA2NzE5MGFkaXF6a2N4/document?format=pdf&download=0,21e9c0215d0ca6ebef737a2076ee15587c38b3449d04022f693c8bf393db7bc5,69084,6,0,physical1;6,"2012 annual-return date, statement of capital and Gorlane two-share row",no,no
global-steel-document-06.pdf,S91,M160,https://find-and-update.company-information.service.gov.uk/company/05188128/filing-history/MzA1NzcxMjI3MGFkaXF6a2N4/document?format=pdf&download=0,8b92949204865651e4375e05720cbf14989f8547cb4ee4bc95759200682b6112,21479,2,0,acquired only; substantive image review not rerun,"Acquired, not freshly image-reviewed; no new accounting claim based on this file",no,no
global-steel-document-07.pdf,S92,M161,https://find-and-update.company-information.service.gov.uk/company/05188128/filing-history/MzA1NzcxMTg4MWFkaXF6a2N4/document?format=pdf&download=0,0fb8af9a8ca3c41c85d210707ef61c84b5574287f64c2678b9e8c4d93de8de2f,21546,2,0,physical1;2,2010 dormant accounts; GBP2 unpaid called capital/net assets; no bank audit,no,no
global-steel-document-08.pdf,S93,M162,https://find-and-update.company-information.service.gov.uk/company/05188128/filing-history/MzA1NzU0NzQ1MmFkaXF6a2N4/document?format=pdf&download=0,bb2b5ecf9b6939a77b11c943dbb505024908255eed6057e7c06dfdfb567d817c,69663,6,0,physical1;3;6,"2011 annual-return date, company-secretary/custody entries, capital and Gorlane two-share row",no,no
global-steel-document-09.pdf,S94,M163,https://find-and-update.company-information.service.gov.uk/company/05188128/filing-history/MzAyMDg3Mzg2NGFkaXF6a2N4/document?format=pdf&download=0,18ca722728664dd9b2d338e14eaf7684a6f70a992f4c3103d883f3ae20521200,15620,1,0,physical1,Chifrin termination effective28July2010; filed5August2010,no,no
global-steel-document-10.pdf,S95,M164,https://find-and-update.company-information.service.gov.uk/company/05188128/filing-history/MzAyMDM3NjU0MWFkaXF6a2N4/document?format=pdf&download=0,d176c1a553a342e0400c7d469a3939575116f4e4df4b89520baa53ba91ee9a1d,69614,7,0,physical1;7,2010 annual-return date and Gorlane two-share row; filed28July2010,no,no
global-steel-document-11.pdf,S96,M165,https://find-and-update.company-information.service.gov.uk/company/05188128/filing-history/MzAyMDM4NzQ4MGFkaXF6a2N4/document?format=pdf&download=0,5a48e29f260e6bd9580111f259a2eb2ed1e995b7bcb4b3a4e004c4e8d0b8e23e,15700,1,0,physical1,Shnaider termination effective and filed28July2010,no,no
global-steel-document-12.pdf,S97,M166,https://find-and-update.company-information.service.gov.uk/company/05188128/filing-history/MzAwNDY1OTIyN2FkaXF6a2N4/document?format=pdf&download=0,106470d3b82e8b3a6a4cd7e75678a3b001112199a08c1fb172a5b6d65c4c24ce,21181,2,0,physical1;2,2009 dormant balance sheet: GBP2 unpaid called capital; cash bank/in hand0; comparative2008 same,no,no
irs-2017-1120s-instructions.pdf,S70,M170,https://www.irs.gov/pub/irs-prior/i1120s--2017.pdf,687057d4f2c7f7505f298a666a26e8fbcaa65a509c01d97a895e76c96b5a10e0,613248,40,40,historical instructions,Recovered rules document; not new manager-specific workpapers,no,no
irs-2017-form-8869.pdf,S69,M171,https://www.irs.gov/pub/irs-prior/f8869--2017.pdf,bff9431c27ffbbd1bc8206426643d29d4e0dd1c1625bac321d6d82461de0d7c7,89311,2,2,historical form/instructions,Recovered prior cited rules; no taxpayer election or acceptance record,no,no
global-steel-2009-return.pdf,S85,M172,https://find-and-update.company-information.service.gov.uk/company/05188128/filing-history/MjAzNzc1MjU3N2FkaXF6a2N4/document?format=pdf&download=0,0ce80156c87ef1b2c8ab97e8730ee5443082fbf8eade28fa2356fd784abdfb90,50765,4,0,"physical1,3-4; Gorlane two-share row and14/05/2008 disposal dates",Relevant source images read;2009p4 enlarged; source date conflict retained,no,no
global-steel-2008-return.pdf,S84,M173,https://find-and-update.company-information.service.gov.uk/company/05188128/filing-history/MjAwOTYwODU3NWFkaXF6a2N4/document?format=pdf&download=0,972a7c19f8364e28de90f9e28e11decec06f9fe10e7730b7338b3a881820ea97,49471,4,0,"physical1,3-4; both individual shareholders",Relevant source images read;2009p4 enlarged; source date conflict retained,no,no
global-steel-2007-return.pdf,S83,M174,https://find-and-update.company-information.service.gov.uk/company/05188128/filing-history/MTgzNTQ5NTY5YWRpcXprY3g/document?format=pdf&download=0,74e48f37a05a14eeed85576efcf149169a7238d0c27a83ce31bea976c0fb0d15,150630,7,0,physical1 and7; no-change members statement,Relevant source images read;2009p4 enlarged; source date conflict retained,no,no
31-DJT-Holdings-Managing-Member-LLC-2017.pdf,S63,M181,https://www.citizensforethics.org/wp-content/uploads/2022/12/DJT-Holdings-Managing-Member-LLC-2017.pdf,63c9519f0c9ada783dfecf8f9b4e3d29c99ce465252f5552adead9b8fee80d82,26937628,106,0,physical38 TY2017 Gen Dep; Attachment Information headed Section108(i); named QSub/NYC3L taxable-income paragraph; form-line reference field blank,Physical37-39 image-read;38 contains named Toronto2219431 statement;37 and39 are different schedules; no full106-page search,no,no
