csv_member,csv_row,node_id_start,node_id_end,rel_type,link,status,start_date,end_date,sourceID,raw_fields_sha256,scoped_seed_ids,interpretation,source_id,include_in_financial_totals
relationships.csv,6852,10173628,14096420,registered_address,registered address,,,,Panama Papers,62d8b577d8d1e042d7788aa265fb6b6ab3ef964938df0d639f6ea2431dbad5ce,10173628,service_or_address_only,S59,no
relationships.csv,7938,10210594,14096420,registered_address,registered address,,,,Panama Papers,28ce8f695dcd27d83246613926c799741c7160163ce30b67345c5022401e5e74,10210594,service_or_address_only,S59,no
relationships.csv,16018,11000269,10088926,intermediary_of,intermediary of,,,,Panama Papers,45810172c4118c7ac0112fde4820d1bdfc25136170941ed06f8104b5b0de4394,10088926,service_or_address_only,S59,no
relationships.csv,70806,11003807,10210416,intermediary_of,intermediary of,,,,Panama Papers,8d79eb191a1e80ed51bba6446326cf48b7ba769e76d7ca3ddfb003726e08943a,11003807,service_or_address_only,S59,no
relationships.csv,70807,11003807,10210594,intermediary_of,intermediary of,,,,Panama Papers,59de53f8da76ba83a15939f24d446bbbc20acd3e1a07dc5613472670eded1ec4,10210594;11003807,service_or_address_only,S59,no
relationships.csv,70808,11003807,10173628,intermediary_of,intermediary of,,,,Panama Papers,939283b029ffb31cbfef5e9c8957acef47bc8835429361a9a0cbf3a615b55060,10173628;11003807,service_or_address_only,S59,no
relationships.csv,70809,11003807,10135115,intermediary_of,intermediary of,,,,Panama Papers,8817381b365c220624903338e57b4dcaf42966ec7eb28c915c0f50344c2b8418,11003807,service_or_address_only,S59,no
relationships.csv,70810,11003807,10122208,intermediary_of,intermediary of,,,,Panama Papers,6f74da71077c5b345c2798ece9a4d6ca7095afb67d526b2def8174ee673178a2,11003807,service_or_address_only,S59,no
relationships.csv,70811,11003807,10110371,intermediary_of,intermediary of,,,,Panama Papers,17a400d6b13ad3d17e2587e5443d83fd49196ede80b116f5ffaca8b943508c86,11003807,service_or_address_only,S59,no
relationships.csv,70812,11003807,10109228,intermediary_of,intermediary of,,,,Panama Papers,355e6151cf37c0e85957f4a2ce0f85f3f8a46439bf8a1cfd468686240e04fde5,11003807,service_or_address_only,S59,no
relationships.csv,70813,11003807,10105794,intermediary_of,intermediary of,,,,Panama Papers,6f2e76bc2cbb1b91a508aff38a722e900aa9da6a93473152504b268d1c1a5c03,11003807,service_or_address_only,S59,no
relationships.csv,237934,12015226,10088926,officer_of,shareholder of,,02-FEB-2000,30-AUG-2007,Panama Papers,7ccb3144c492f554ec999ae0385ba5e4a2c7369ff6117be32dca81585c6ce70d,10088926,historical_role_not_cash,S59,no
relationships.csv,314394,12084392,10173628,officer_of,shareholder of,,01-SEP-1994,28-DEC-2001,Panama Papers,14ef420cc751f7f43916b00a74000a41be9431f93a070fd508907298c5d1d388,10173628,historical_role_not_cash,S59,no
relationships.csv,336663,12099846,10210594,officer_of,shareholder of,,12-DEC-2012,,Panama Papers,94728230d577f52516f584c8856112e415a37858ecb4f5be44bcc081d9d95234,10210594;12099846,historical_role_not_cash,S59,no
relationships.csv,336664,12099846,10210594,officer_of,shareholder of,,29-DEC-2011,,Panama Papers,86cbfaa6531817f948c7925f70187ac276480da9dce7ed0f5a950cb54733a6e7,10210594;12099846,historical_role_not_cash,S59,no
relationships.csv,336665,12099846,14003004,registered_address,registered address,,,,Panama Papers,9bba43b9d2c420711d917aff469acb880cd7a41294cbe4f36f49cbce128be59a,12099846,service_or_address_only,S59,no
relationships.csv,350420,12104561,10173628,officer_of,shareholder of,,28-DEC-2001,18-FEB-2008,Panama Papers,e8ad726562f3184eddbcc78e3c812893ac71cc6c033a642e7a943761c5fec76c,10173628,historical_role_not_cash,S59,no
relationships.csv,360893,12108489,10088926,officer_of,shareholder of,,30-AUG-2007,,Panama Papers,5b4c4d856b015c2a81b95c39085c133e01550c18a296c58cbd51ff49cd9bedd7,10088926,historical_role_not_cash,S59,no
relationships.csv,394235,12121184,10210594,officer_of,shareholder of,,12-DEC-2012,,Panama Papers,2079c0b33f2a09d356be540e0a2c78be213b8d6640d77533cb5ca4e9d390995a,10210594;12121184,historical_role_not_cash,S59,no
relationships.csv,394236,12121184,14021358,registered_address,registered address,,,,Panama Papers,77bfe3eaa551d1133df1ec568fd9b2ca679db4fcc873150b96a341ffef964d2b,12121184,service_or_address_only,S59,no
relationships.csv,431838,12133896,10173628,officer_of,shareholder of,,17-MAY-2010,,Panama Papers,1ec1ba42b5a75b75a1a7dad028dd1bae78b77013a7b2535673a167c0cea36646,10173628;12133896,historical_role_not_cash,S59,no
relationships.csv,431839,12133896,14026068,registered_address,registered address,,,,Panama Papers,063106c1ce6aad3f92f9799a098418a056f39484760b805a77c9ee3383065224,12133896,service_or_address_only,S59,no
relationships.csv,452081,12141123,10210594,officer_of,shareholder of,,23-MAY-2010,,Panama Papers,9b73782e2fe059e5a12370ea5fb367f6ba53f5da053e589d28adf60b06cd39ff,10210594;12141123,historical_role_not_cash,S59,no
relationships.csv,452082,12141123,14028490,registered_address,registered address,,,,Panama Papers,67b82fdb863e772c484856ba9b91a5cb1f5451796f10169fc471d2d91f173b17,12141123,service_or_address_only,S59,no
relationships.csv,466882,12146270,10210594,officer_of,shareholder of,,12-DEC-2012,,Panama Papers,2afe94ce789fe824da9a9568e26aac63c160981983846d93ea65b1c2365fe15d,10210594;12146270,historical_role_not_cash,S59,no
relationships.csv,466883,12146270,14037672,registered_address,registered address,,,,Panama Papers,2dcc0b9d17e5174e528cfa2121170d872ad0bf932e6dcb11d69c9413acb7f8ae,12146270,service_or_address_only,S59,no
relationships.csv,494203,12155628,10210594,officer_of,shareholder of,,30-MAR-2007,23-MAY-2010,Panama Papers,ee3fe71461a9c67fd9af25dce78bbeaf40540e318566d40ae954eb176438e987,10210594;12155628,historical_role_not_cash,S59,no
relationships.csv,494204,12155628,14044274,registered_address,registered address,,,,Panama Papers,fd1efce63f317e6dca48c6a3fbdf9e234dd7d5ab5d0e4802207592a5d579abab,12155628,service_or_address_only,S59,no
relationships.csv,506896,12159818,10210594,officer_of,shareholder of,,23-MAY-2010,,Panama Papers,b14fd2b8f5b734df04ec5720c360dabf03dc4f958e96a369c82c5faf82e07a0b,10210594;12159818,historical_role_not_cash,S59,no
relationships.csv,506897,12159818,14047457,registered_address,registered address,,,,Panama Papers,898ad004ab20ba7a765d6f71dee7c0aeab09194807b8721f52050550d66195b4,12159818,service_or_address_only,S59,no
relationships.csv,521674,12163340,10210594,officer_of,shareholder of,,23-MAY-2010,,Panama Papers,bc48def10be6ce7998cfcef6d2f9242ecd45c770cc866e7148cd0c3676faf2f0,10210594;12163340,historical_role_not_cash,S59,no
relationships.csv,521675,12163340,14050061,registered_address,registered address,,,,Panama Papers,14ff272e0331b94fafb8acc5e39fdb4d6af8c3714e93c28b4f630eddba23fe40,12163340,service_or_address_only,S59,no
relationships.csv,533397,12167368,10210594,officer_of,shareholder of,,23-MAY-2010,,Panama Papers,1ecd0c83b533ffd77bc1c17de448db4a1679eb5df6a882e4d15973daddaf070d,10210594;12167368,historical_role_not_cash,S59,no
relationships.csv,533398,12167368,14045599,registered_address,registered address,,,,Panama Papers,3cbc5e3b6b2edf4861c891865f964b4ba00bc2f92216fb87239ee00abe5f79da,12167368,service_or_address_only,S59,no
relationships.csv,557398,12175892,10173628,officer_of,shareholder of,,18-FEB-2008,17-MAY-2010,Panama Papers,50f8521e15cb65b4ce64ae36de61219bf4014594b5e63691be9a729397e88849,10173628,historical_role_not_cash,S59,no
relationships.csv,640469,12205452,10210594,officer_of,shareholder of,,23-MAY-2010,,Panama Papers,75960a6e55e576479026e5c7fe3e6f022a26e18ce1bb4e1da118ec901f3904b3,10210594;12205452,historical_role_not_cash,S59,no
relationships.csv,640470,12205452,10210594,officer_of,shareholder of,,29-DEC-2011,,Panama Papers,a18c6d488c6c9e3f17e47c951dc9791eedc38e46abc37fc739a5c9ca8daf9d9c,10210594;12205452,historical_role_not_cash,S59,no
relationships.csv,640471,12205452,14081590,registered_address,registered address,,,,Panama Papers,2d6b3950422c0a52e5d82f5faf70a61d2ae06d2d98fe410dffd306df1891ebd0,12205452,service_or_address_only,S59,no
relationships.csv,1289949,20025856,10173628,same_company_as,same company as,,,,Bahamas Leaks,c2f778414416d0cd410a95e041c0fdafc93b6d60ef5e1b0d2ec0762dfb5313c7,10173628;20025856,dataset_identity_assertion_only,S59,no
relationships.csv,1332682,23000136,20025856,intermediary_of,intermediary of,,,,Bahamas Leaks,bfbd48d91655f7ba0b41689fc7072f91a4e52920500da98b93fd84d59734df6c,20025856,service_or_address_only,S59,no
