node_id,node_type,name,original_name,former_name,jurisdiction,countries,registration_identifier,incorporation_date,inactivation_date,struck_off_date,historical_status,source_dataset,valid_until,csv_member,csv_row,raw_fields_sha256,source_id,automatic_merge,address_redaction
10088926,entities,MIDLAND RESOURCES HOLDING LIMITED,MIDLAND RESOURCES HOLDING LIMITED,,BVI,Switzerland,366883,02-FEB-2000,,,Active,Panama Papers,The Panama Papers data is current through 2015,nodes-entities.csv,90070,c3b2832fe97b9ed26adc47c19c04d5be90dad6da9967aa46070d88eb81db917e,S59,no,all street-address fields omitted; raw bytes external
10105794,entities,BUXTON INTERNATIONAL INVESTMENTS INC.,BUXTON INTERNATIONAL INVESTMENTS INC.,,BVI,Hong Kong,595273,05-MAY-2004,,31-OCT-2014,Defaulted,Panama Papers,The Panama Papers data is current through 2015,nodes-entities.csv,107406,a064df0641bf0e73e1dd48b78780faa9102872366b57bd539732fd5610829884,S59,no,all street-address fields omitted; raw bytes external
10109228,entities,LAIDLOW FINANCE LIMITED,LAIDLOW FINANCE LIMITED,,BVI,Hong Kong,588788,30-MAR-2004,20-DEC-2012,31-OCT-2013,Defaulted,Panama Papers,The Panama Papers data is current through 2015,nodes-entities.csv,110916,043c168eddd667bd2756b5a553c5f035cd2f27724655a470589591693cd67a50,S59,no,all street-address fields omitted; raw bytes external
10110371,entities,EYASI FINANCE S.A.,EYASI FINANCE S.A.,,BVI,Hong Kong,595264,05-MAY-2004,,,Active,Panama Papers,The Panama Papers data is current through 2015,nodes-entities.csv,112061,dccb37375911280c2608ac417ef654dc41533c96748c21ca3fa990dd1df2f373,S59,no,all street-address fields omitted; raw bytes external
10122208,entities,MEADOW PROPERTY HOLDINGS LTD.,MEADOW PROPERTY HOLDINGS LTD.,,BVI,Hong Kong,,11-AUG-2006,,30-APR-2013,Changed agent,Panama Papers,The Panama Papers data is current through 2015,nodes-entities.csv,123869,602d961b9df02764ad6d38f9d26548fb8f5443312725ea62da2ebe0cd6352907,S59,no,all street-address fields omitted; raw bytes external
10135115,entities,OPALTA LIMITED,OPALTA LIMITED,,BVI,Hong Kong,,24-JUL-2008,,,Active,Panama Papers,The Panama Papers data is current through 2015,nodes-entities.csv,70830,dc59a13dbf86374263f0204eab54d39731dc7be16d7208af192b3d8dea571047,S59,no,all street-address fields omitted; raw bytes external
10173628,entities,EASTRADE LTD.,EASTRADE LTD.,,BAH,Hong Kong,"25,856B",01-SEP-1994,,,Active,Panama Papers,The Panama Papers data is current through 2015,nodes-entities.csv,173225,b6035a63869a8903fc6a1fba0c0633f20869bf2c088248b0c0f8ccb6781c8b80,S59,no,all street-address fields omitted; raw bytes external
10210416,entities,ANISE DEVELOPMENT LIMITED,ANISE DEVELOPMENT LIMITED,,BVI,British Virgin Islands,,07-MAY-2009,10-MAY-2010,31-OCT-2010,Changed agent,Panama Papers,The Panama Papers data is current through 2015,nodes-entities.csv,209896,26893ac4f466ee6aede7d163fd1e39d77cf3d2b088ce7c05fecc2e8378f35c90,S59,no,all street-address fields omitted; raw bytes external
10210594,entities,GORLANE BUSINESS INC.,GORLANE BUSINESS INC.,,BVI,Hong Kong,,30-MAR-2007,,,Active,Panama Papers,The Panama Papers data is current through 2015,nodes-entities.csv,210077,e510bca6d35381c88cccdd48cffda6fc140252e019822e0e53ac19584a563bd4,S59,no,all street-address fields omitted; raw bytes external
11000269,intermediaries,"ZOLTY, LIC. ANDRE",,,,Switzerland,,,,,ACTIVE,Panama Papers,The Panama Papers  data is current through 2015,nodes-intermediaries.csv,270,5588e64ee371d2b41bb3923378e98fb47c8df61f779a265d65b1364e2b26ebb9,S59,no,all street-address fields omitted; raw bytes external
11003807,intermediaries,FIDUSERVE CORPORATE SERIVCES LTD,,,,Cyprus,,,,,ACTIVE,Panama Papers,The Panama Papers  data is current through 2015,nodes-intermediaries.csv,3808,8b716f38ef9022801b32909021660987277002537c0a76bbe96bc763dcde85c1,S59,no,all street-address fields omitted; raw bytes external
12015226,officers,THE BEARER,,,,,,,,,,Panama Papers,The Panama Papers data is current through 2015,nodes-officers.csv,12713,8ed22ce2e20d80886dbbcddbe24e1912a721000d66885af2cdc025f8f8307948,S59,no,all street-address fields omitted; raw bytes external
12084392,officers,TO THE BEARER,,,,,,,,,,Panama Papers,The Panama Papers data is current through 2015,nodes-officers.csv,81879,d25ceb77a88148690577871371bfccb41bc3471fa228f5884a25eba318c3b780,S59,no,all street-address fields omitted; raw bytes external
12099846,officers,EQUALCHANCE PROCESSING LIMITED,,,,Cyprus,,,,,,Panama Papers,The Panama Papers data is current through 2015,nodes-officers.csv,96844,a07dc51497809f51da387c8a5bd6db368d478a8da8a3fb3fdae8afbe1743b351,S59,no,all street-address fields omitted; raw bytes external
12104561,officers,RODLEY HOLDING LTD.,,,,Niue,,,,,,Panama Papers,The Panama Papers data is current through 2015,nodes-officers.csv,102163,31a0dc49fea5e4af65698f626799c73db929829ce44b16a14f4016d53faffc73,S59,no,all street-address fields omitted; raw bytes external
12108489,officers,2146830 Ontarion Inc.,,,,Canada,,,,,,Panama Papers,The Panama Papers data is current through 2015,nodes-officers.csv,106260,0db7b876a6dad42fdf7989616eb683fa1a0f4d3fef2f454823368109d9913236,S59,no,all street-address fields omitted; raw bytes external
12121184,officers,Quinira Holdings Limited,,,,Cyprus,,,,,,Panama Papers,The Panama Papers data is current through 2015,nodes-officers.csv,118982,d6851af524e34ecec81e82575f87b6395616159baf4de7a57111c366c16ebece,S59,no,all street-address fields omitted; raw bytes external
12133896,officers,GORLANE BUSINESS INC.,,,,British Virgin Islands,,,,,,Panama Papers,The Panama Papers data is current through 2015,nodes-officers.csv,132256,ea543710a793a6a101001927806176b38cabda8f8c5b42636b59922364c77a6f,S59,no,all street-address fields omitted; raw bytes external
12141123,officers,BELEGO HOLDINGS LIMITED,,,,Cyprus,,,,,,Panama Papers,The Panama Papers data is current through 2015,nodes-officers.csv,139824,68d09d530b2908a202051b01457e098b5ed40cd2a967c6c80826de1bafc15ea0,S59,no,all street-address fields omitted; raw bytes external
12146270,officers,Freegain Trading Limited,,,,Cyprus,,,,,,Panama Papers,The Panama Papers data is current through 2015,nodes-officers.csv,145019,bf4d338417307dcb47e6f5cfe4e3ba82048376b88bd4544353e34221c4e0ea85,S59,no,all street-address fields omitted; raw bytes external
12155628,officers,MIDLAND RESOURCES HOLDING LIMITED,,,,Guernsey,,,,,,Panama Papers,The Panama Papers data is current through 2015,nodes-officers.csv,154749,e7db231528a19558d7dcbae3042f99eb3fe7313671412205ca2538d18baf6cf4,S59,no,all street-address fields omitted; raw bytes external
12159818,officers,PARBORIO HOLDINGS LIMITED,,,,Cyprus,,,,,,Panama Papers,The Panama Papers data is current through 2015,nodes-officers.csv,158987,3e65435a44c557b29e119cbf2dc99b69db00a36630a82872a5d888dc5b596a15,S59,no,all street-address fields omitted; raw bytes external
12163340,officers,EQUALCHANCE PROCESSING LIMITED,,,,Cyprus,,,,,,Panama Papers,The Panama Papers data is current through 2015,nodes-officers.csv,162321,27b0d257ec5920de81899b0fb1361421a1a077042ae7030670348cff50f84897,S59,no,all street-address fields omitted; raw bytes external
12167368,officers,SILENI TRADING LIMITED,,,,Cyprus,,,,,,Panama Papers,The Panama Papers data is current through 2015,nodes-officers.csv,166074,6d56380af98ae7da7c710704b7bdea1389d9b222f67f97fa18f710d5d6da90f2,S59,no,all street-address fields omitted; raw bytes external
12175892,officers,BLAWICK HOLDINGS INC.,,,,Panama,,,,,,Panama Papers,The Panama Papers data is current through 2015,nodes-officers.csv,174170,3e82065302a997e5c1c18b9e9b5c0118b080cc0982464bc9c275f52742cebc11,S59,no,all street-address fields omitted; raw bytes external
12205452,officers,ATINIA VENTURES LIMITED,,,,British Virgin Islands,,,,,,Panama Papers,The Panama Papers data is current through 2015,nodes-officers.csv,203240,d9e635f027ca232c26d42b4a952de663cf24b7fdc08aaea1a3c4946875e3d9bf,S59,no,all street-address fields omitted; raw bytes external
14003004,addresses,[address withheld; raw node retained],,,,Cyprus,,,,,,Panama Papers,The Panama Papers  data is current through 2015,nodes-addresses.csv,4568,6651fb1a1fa8480b67ba675021ce3c857591eeb248d8fe18cb24256fd9462817,S59,no,all street-address fields omitted; raw bytes external
14021358,addresses,[address withheld; raw node retained],,,,Cyprus,,,,,,Panama Papers,The Panama Papers  data is current through 2015,nodes-addresses.csv,21366,5475b1be7e4475860b2c7574c914e8f98610cd04b8908bd1561bf2a0104810a5,S59,no,all street-address fields omitted; raw bytes external
14026068,addresses,[address withheld; raw node retained],,,,British Virgin Islands,,,,,,Panama Papers,The Panama Papers  data is current through 2015,nodes-addresses.csv,26076,79c102c4b36f8530173051d003f4faf49085a70d8089bc046690d35f47153ae0,S59,no,all street-address fields omitted; raw bytes external
14028490,addresses,[address withheld; raw node retained],,,,Cyprus,,,,,,Panama Papers,The Panama Papers  data is current through 2015,nodes-addresses.csv,28498,5113c68008c6a08ef33c02640d36f01bea847e31e68583f3b6d8290baef9ff48,S59,no,all street-address fields omitted; raw bytes external
14037672,addresses,[address withheld; raw node retained],,,,Cyprus,,,,,,Panama Papers,The Panama Papers  data is current through 2015,nodes-addresses.csv,37680,9bcafbb3fb064348e48ade4e3a3956e68a31b200c0870191a097d8b86cb0fbb1,S59,no,all street-address fields omitted; raw bytes external
14044274,addresses,[address withheld; raw node retained],,,,Guernsey,,,,,,Panama Papers,The Panama Papers  data is current through 2015,nodes-addresses.csv,44282,9b917d94c37ce26619d28530037483e297b69a54da5cb568445167ffc3a9c9ea,S59,no,all street-address fields omitted; raw bytes external
14045599,addresses,[address withheld; raw node retained],,,,Cyprus,,,,,,Panama Papers,The Panama Papers  data is current through 2015,nodes-addresses.csv,45607,be4c5f22e3d77710cbd39a805c4b0d49e8a7e4b203b6324ef00c81b5deb09038,S59,no,all street-address fields omitted; raw bytes external
14047457,addresses,[address withheld; raw node retained],,,,Cyprus,,,,,,Panama Papers,The Panama Papers  data is current through 2015,nodes-addresses.csv,47465,22c7d63703160bb602f51accc4bf95b21dabf338381deea98524a535b9119289,S59,no,all street-address fields omitted; raw bytes external
14050061,addresses,[address withheld; raw node retained],,,,Cyprus,,,,,,Panama Papers,The Panama Papers  data is current through 2015,nodes-addresses.csv,50069,419f92986c9c30a7311869b0a55b2cd1462a1392712e5934f11e0f81c6e777f4,S59,no,all street-address fields omitted; raw bytes external
14081590,addresses,[address withheld; raw node retained],,,,British Virgin Islands,,,,,,Panama Papers,The Panama Papers  data is current through 2015,nodes-addresses.csv,81597,5901f17884d3dad1e2145e3b2ee6f9ac1213f5d7b16c52c66212156e2c0766a8,S59,no,all street-address fields omitted; raw bytes external
14096420,addresses,[address withheld; raw node retained],,,,Hong Kong,,,,,,Panama Papers,The Panama Papers  data is current through 2015,nodes-addresses.csv,92133,c780e1588d97f9a9f06ba3a43dff50445109203c82eaa1f9c17723433ad22423,S59,no,all street-address fields omitted; raw bytes external
20025856,entities,EASTRADE LTD.,EASTRADE LTD.,,BAH,,25856B,01-SEP-1994,,,,Bahamas Leaks,The Bahamas Leaks data is current through early 2016.,nodes-entities.csv,348274,91a78a0d4b58fc7265d5a8060a661cf67fa513ec674cf83344151896e09fd44d,S59,no,all street-address fields omitted; raw bytes external
23000136,intermediaries,MOSSACK FONSECA & CO. (BAHAMAS) LIMITED,,,,Bahamas,,,,,,Bahamas Leaks,The Bahamas Leaks data is current through early 2016.,nodes-intermediaries.csv,23773,ac99e3544b008d45a0bdc18bb9a6e349f7a2ead7c44b6c816161d4f962262afc,S59,no,all street-address fields omitted; raw bytes external
