page_node_id,page_url,page_sha256,html_locator,category,linked_node_id,display_name,role_literal,status_literal,start_literal,end_literal,source_dataset,matching_raw_rows,match_status,limit
10088926,https://offshoreleaks.icij.org/nodes/10088926,defc4237e55690f16cec92e03b7da1b5118683993265e75a7f9dfa490847ed2d,table1/tbody/tr1,Officer,12015226,THE BEARER,Shareholder,,02-FEB-2000,30-AUG-2007,Panama Papers,237934,matched,HTML/CSV same ICIJ family; raw direction preserved in relationship extract; literal dash comparison treated as blank only
10088926,https://offshoreleaks.icij.org/nodes/10088926,defc4237e55690f16cec92e03b7da1b5118683993265e75a7f9dfa490847ed2d,table1/tbody/tr2,Officer,12108489,2146830 Ontarion Inc.,Shareholder,,30-AUG-2007,-,Panama Papers,360893,matched,HTML/CSV same ICIJ family; raw direction preserved in relationship extract; literal dash comparison treated as blank only
10088926,https://offshoreleaks.icij.org/nodes/10088926,defc4237e55690f16cec92e03b7da1b5118683993265e75a7f9dfa490847ed2d,table2/tbody/tr1,Intermediary,11000269,"ZOLTY, LIC. ANDRE",,ACTIVE,,,Panama Papers,16018,matched,HTML/CSV same ICIJ family; raw direction preserved in relationship extract; literal dash comparison treated as blank only
10173628,https://offshoreleaks.icij.org/nodes/10173628,7037b1b48125799ecedfb3cf47293e94719b6068e8fdbdbeff8b239b411039e6,table1/tbody/tr1,Entity,20025856,EASTRADE LTD.,Same company as,-,-,-,Bahamas Leaks,1289949,matched,HTML/CSV same ICIJ family; raw direction preserved in relationship extract; literal dash comparison treated as blank only
10173628,https://offshoreleaks.icij.org/nodes/10173628,7037b1b48125799ecedfb3cf47293e94719b6068e8fdbdbeff8b239b411039e6,table2/tbody/tr1,Officer,12084392,TO THE BEARER,Shareholder,,01-SEP-1994,28-DEC-2001,Panama Papers,314394,matched,HTML/CSV same ICIJ family; raw direction preserved in relationship extract; literal dash comparison treated as blank only
10173628,https://offshoreleaks.icij.org/nodes/10173628,7037b1b48125799ecedfb3cf47293e94719b6068e8fdbdbeff8b239b411039e6,table2/tbody/tr2,Officer,12104561,RODLEY HOLDING LTD.,Shareholder,,28-DEC-2001,18-FEB-2008,Panama Papers,350420,matched,HTML/CSV same ICIJ family; raw direction preserved in relationship extract; literal dash comparison treated as blank only
10173628,https://offshoreleaks.icij.org/nodes/10173628,7037b1b48125799ecedfb3cf47293e94719b6068e8fdbdbeff8b239b411039e6,table2/tbody/tr3,Officer,12133896,GORLANE BUSINESS INC.,Shareholder,,17-MAY-2010,-,Panama Papers,431838,matched,HTML/CSV same ICIJ family; raw direction preserved in relationship extract; literal dash comparison treated as blank only
10173628,https://offshoreleaks.icij.org/nodes/10173628,7037b1b48125799ecedfb3cf47293e94719b6068e8fdbdbeff8b239b411039e6,table2/tbody/tr4,Officer,12175892,BLAWICK HOLDINGS INC.,Shareholder,,18-FEB-2008,17-MAY-2010,Panama Papers,557398,matched,HTML/CSV same ICIJ family; raw direction preserved in relationship extract; literal dash comparison treated as blank only
10173628,https://offshoreleaks.icij.org/nodes/10173628,7037b1b48125799ecedfb3cf47293e94719b6068e8fdbdbeff8b239b411039e6,table3/tbody/tr1,Intermediary,11003807,FIDUSERVE CORPORATE SERIVCES LTD,,ACTIVE,,,Panama Papers,70808,matched,HTML/CSV same ICIJ family; raw direction preserved in relationship extract; literal dash comparison treated as blank only
10173628,https://offshoreleaks.icij.org/nodes/10173628,7037b1b48125799ecedfb3cf47293e94719b6068e8fdbdbeff8b239b411039e6,table4/tbody/tr1,Address,14096420,[address withheld],,,,,Panama Papers,6852,matched,HTML/CSV same ICIJ family; raw direction preserved in relationship extract; literal dash comparison treated as blank only
10210594,https://offshoreleaks.icij.org/nodes/10210594,ba9b2708579f1165ae031782e9a89f8cae34b889e8cc75dc6d5e6900e2d659b4,table1/tbody/tr1,Officer,12155628,MIDLAND RESOURCES HOLDING LIMITED,Shareholder,,30-MAR-2007,23-MAY-2010,Panama Papers,494203,matched,HTML/CSV same ICIJ family; raw direction preserved in relationship extract; literal dash comparison treated as blank only
10210594,https://offshoreleaks.icij.org/nodes/10210594,ba9b2708579f1165ae031782e9a89f8cae34b889e8cc75dc6d5e6900e2d659b4,table1/tbody/tr2,Officer,12167368,SILENI TRADING LIMITED,Shareholder,,23-MAY-2010,-,Panama Papers,533397,matched,HTML/CSV same ICIJ family; raw direction preserved in relationship extract; literal dash comparison treated as blank only
10210594,https://offshoreleaks.icij.org/nodes/10210594,ba9b2708579f1165ae031782e9a89f8cae34b889e8cc75dc6d5e6900e2d659b4,table1/tbody/tr3,Officer,12121184,Quinira Holdings Limited,Shareholder,,12-DEC-2012,-,Panama Papers,394235,matched,HTML/CSV same ICIJ family; raw direction preserved in relationship extract; literal dash comparison treated as blank only
10210594,https://offshoreleaks.icij.org/nodes/10210594,ba9b2708579f1165ae031782e9a89f8cae34b889e8cc75dc6d5e6900e2d659b4,table1/tbody/tr4,Officer,12159818,PARBORIO HOLDINGS LIMITED,Shareholder,,23-MAY-2010,-,Panama Papers,506896,matched,HTML/CSV same ICIJ family; raw direction preserved in relationship extract; literal dash comparison treated as blank only
10210594,https://offshoreleaks.icij.org/nodes/10210594,ba9b2708579f1165ae031782e9a89f8cae34b889e8cc75dc6d5e6900e2d659b4,table1/tbody/tr5,Officer,12141123,BELEGO HOLDINGS LIMITED,Shareholder,,23-MAY-2010,-,Panama Papers,452081,matched,HTML/CSV same ICIJ family; raw direction preserved in relationship extract; literal dash comparison treated as blank only
10210594,https://offshoreleaks.icij.org/nodes/10210594,ba9b2708579f1165ae031782e9a89f8cae34b889e8cc75dc6d5e6900e2d659b4,table1/tbody/tr6,Officer,12146270,Freegain Trading Limited,Shareholder,,12-DEC-2012,-,Panama Papers,466882,matched,HTML/CSV same ICIJ family; raw direction preserved in relationship extract; literal dash comparison treated as blank only
10210594,https://offshoreleaks.icij.org/nodes/10210594,ba9b2708579f1165ae031782e9a89f8cae34b889e8cc75dc6d5e6900e2d659b4,table1/tbody/tr7,Officer,12163340,EQUALCHANCE PROCESSING LIMITED,Shareholder,,23-MAY-2010,-,Panama Papers,521674,matched,HTML/CSV same ICIJ family; raw direction preserved in relationship extract; literal dash comparison treated as blank only
10210594,https://offshoreleaks.icij.org/nodes/10210594,ba9b2708579f1165ae031782e9a89f8cae34b889e8cc75dc6d5e6900e2d659b4,table1/tbody/tr8,Officer,12205452,ATINIA VENTURES LIMITED,Shareholder,,23-MAY-2010,-,Panama Papers,640469,matched,HTML/CSV same ICIJ family; raw direction preserved in relationship extract; literal dash comparison treated as blank only
10210594,https://offshoreleaks.icij.org/nodes/10210594,ba9b2708579f1165ae031782e9a89f8cae34b889e8cc75dc6d5e6900e2d659b4,table1/tbody/tr9,Officer,12205452,ATINIA VENTURES LIMITED,Shareholder,,29-DEC-2011,-,Panama Papers,640470,matched,HTML/CSV same ICIJ family; raw direction preserved in relationship extract; literal dash comparison treated as blank only
10210594,https://offshoreleaks.icij.org/nodes/10210594,ba9b2708579f1165ae031782e9a89f8cae34b889e8cc75dc6d5e6900e2d659b4,table1/tbody/tr10,Officer,12099846,EQUALCHANCE PROCESSING LIMITED,Shareholder,,12-DEC-2012,-,Panama Papers,336663,matched,HTML/CSV same ICIJ family; raw direction preserved in relationship extract; literal dash comparison treated as blank only
10210594,https://offshoreleaks.icij.org/nodes/10210594,ba9b2708579f1165ae031782e9a89f8cae34b889e8cc75dc6d5e6900e2d659b4,table1/tbody/tr11,Officer,12099846,EQUALCHANCE PROCESSING LIMITED,Shareholder,,29-DEC-2011,-,Panama Papers,336664,matched,HTML/CSV same ICIJ family; raw direction preserved in relationship extract; literal dash comparison treated as blank only
10210594,https://offshoreleaks.icij.org/nodes/10210594,ba9b2708579f1165ae031782e9a89f8cae34b889e8cc75dc6d5e6900e2d659b4,table2/tbody/tr1,Intermediary,11003807,FIDUSERVE CORPORATE SERIVCES LTD,,ACTIVE,,,Panama Papers,70807,matched,HTML/CSV same ICIJ family; raw direction preserved in relationship extract; literal dash comparison treated as blank only
10210594,https://offshoreleaks.icij.org/nodes/10210594,ba9b2708579f1165ae031782e9a89f8cae34b889e8cc75dc6d5e6900e2d659b4,table3/tbody/tr1,Address,14096420,[address withheld],,,,,Panama Papers,7938,matched,HTML/CSV same ICIJ family; raw direction preserved in relationship extract; literal dash comparison treated as blank only
11003807,https://offshoreleaks.icij.org/nodes/11003807,9e7b26f695b244d4ad8a76c6633bee743fe5aa18f27ec4a444d86995bae71de6,table1/tbody/tr1,Entity,10210416,ANISE DEVELOPMENT LIMITED,Intermediary,Changed agent,,,Panama Papers,70806,matched,HTML/CSV same ICIJ family; raw direction preserved in relationship extract; literal dash comparison treated as blank only
11003807,https://offshoreleaks.icij.org/nodes/11003807,9e7b26f695b244d4ad8a76c6633bee743fe5aa18f27ec4a444d86995bae71de6,table1/tbody/tr2,Entity,10110371,EYASI FINANCE S.A.,Intermediary,Active,,,Panama Papers,70811,matched,HTML/CSV same ICIJ family; raw direction preserved in relationship extract; literal dash comparison treated as blank only
11003807,https://offshoreleaks.icij.org/nodes/11003807,9e7b26f695b244d4ad8a76c6633bee743fe5aa18f27ec4a444d86995bae71de6,table1/tbody/tr3,Entity,10109228,LAIDLOW FINANCE LIMITED,Intermediary,Defaulted,,,Panama Papers,70812,matched,HTML/CSV same ICIJ family; raw direction preserved in relationship extract; literal dash comparison treated as blank only
11003807,https://offshoreleaks.icij.org/nodes/11003807,9e7b26f695b244d4ad8a76c6633bee743fe5aa18f27ec4a444d86995bae71de6,table1/tbody/tr4,Entity,10105794,BUXTON INTERNATIONAL INVESTMENTS INC.,Intermediary,Defaulted,,,Panama Papers,70813,matched,HTML/CSV same ICIJ family; raw direction preserved in relationship extract; literal dash comparison treated as blank only
11003807,https://offshoreleaks.icij.org/nodes/11003807,9e7b26f695b244d4ad8a76c6633bee743fe5aa18f27ec4a444d86995bae71de6,table1/tbody/tr5,Entity,10173628,EASTRADE LTD.,Intermediary,Active,,,Panama Papers,70808,matched,HTML/CSV same ICIJ family; raw direction preserved in relationship extract; literal dash comparison treated as blank only
11003807,https://offshoreleaks.icij.org/nodes/11003807,9e7b26f695b244d4ad8a76c6633bee743fe5aa18f27ec4a444d86995bae71de6,table1/tbody/tr6,Entity,10135115,OPALTA LIMITED,Intermediary,Active,,,Panama Papers,70809,matched,HTML/CSV same ICIJ family; raw direction preserved in relationship extract; literal dash comparison treated as blank only
11003807,https://offshoreleaks.icij.org/nodes/11003807,9e7b26f695b244d4ad8a76c6633bee743fe5aa18f27ec4a444d86995bae71de6,table1/tbody/tr7,Entity,10122208,MEADOW PROPERTY HOLDINGS LTD.,Intermediary,Changed agent,,,Panama Papers,70810,matched,HTML/CSV same ICIJ family; raw direction preserved in relationship extract; literal dash comparison treated as blank only
11003807,https://offshoreleaks.icij.org/nodes/11003807,9e7b26f695b244d4ad8a76c6633bee743fe5aa18f27ec4a444d86995bae71de6,table1/tbody/tr8,Entity,10210594,GORLANE BUSINESS INC.,Intermediary,Active,,,Panama Papers,70807,matched,HTML/CSV same ICIJ family; raw direction preserved in relationship extract; literal dash comparison treated as blank only
12099846,https://offshoreleaks.icij.org/nodes/12099846,e93b768f7649fa8008dc59e9fff4935aaa2604eb13f5bdcc82f5c9cbb1035df2,table1/tbody/tr1,Entity,10210594,GORLANE BUSINESS INC.,Shareholder,Active,12-DEC-2012,-,Panama Papers,336663,matched,HTML/CSV same ICIJ family; raw direction preserved in relationship extract; literal dash comparison treated as blank only
12099846,https://offshoreleaks.icij.org/nodes/12099846,e93b768f7649fa8008dc59e9fff4935aaa2604eb13f5bdcc82f5c9cbb1035df2,table1/tbody/tr2,Entity,10210594,GORLANE BUSINESS INC.,Shareholder,Active,29-DEC-2011,-,Panama Papers,336664,matched,HTML/CSV same ICIJ family; raw direction preserved in relationship extract; literal dash comparison treated as blank only
12099846,https://offshoreleaks.icij.org/nodes/12099846,e93b768f7649fa8008dc59e9fff4935aaa2604eb13f5bdcc82f5c9cbb1035df2,table2/tbody/tr1,Address,14003004,[address withheld],,,,,Panama Papers,336665,matched,HTML/CSV same ICIJ family; raw direction preserved in relationship extract; literal dash comparison treated as blank only
12121184,https://offshoreleaks.icij.org/nodes/12121184,d3d2db41776e81e229fa74df45491338b2693ccf0797469168cb8aaeae50b0fa,table1/tbody/tr1,Entity,10210594,GORLANE BUSINESS INC.,Shareholder,Active,12-DEC-2012,-,Panama Papers,394235,matched,HTML/CSV same ICIJ family; raw direction preserved in relationship extract; literal dash comparison treated as blank only
12121184,https://offshoreleaks.icij.org/nodes/12121184,d3d2db41776e81e229fa74df45491338b2693ccf0797469168cb8aaeae50b0fa,table2/tbody/tr1,Address,14021358,[address withheld],,,,,Panama Papers,394236,matched,HTML/CSV same ICIJ family; raw direction preserved in relationship extract; literal dash comparison treated as blank only
12133896,https://offshoreleaks.icij.org/nodes/12133896,111d6a636cb73ea737173965105cff3f7e2dd91a85f07c2b04e89e5587e5ebcf,table1/tbody/tr1,Entity,10173628,EASTRADE LTD.,Shareholder,Active,17-MAY-2010,-,Panama Papers,431838,matched,HTML/CSV same ICIJ family; raw direction preserved in relationship extract; literal dash comparison treated as blank only
12133896,https://offshoreleaks.icij.org/nodes/12133896,111d6a636cb73ea737173965105cff3f7e2dd91a85f07c2b04e89e5587e5ebcf,table2/tbody/tr1,Address,14026068,[address withheld],,,,,Panama Papers,431839,matched,HTML/CSV same ICIJ family; raw direction preserved in relationship extract; literal dash comparison treated as blank only
12141123,https://offshoreleaks.icij.org/nodes/12141123,6e138eac4cc939fdec23ceb164011e19b17ae90ada6abfac0f1b07a34ccb7af2,table1/tbody/tr1,Entity,10210594,GORLANE BUSINESS INC.,Shareholder,Active,23-MAY-2010,-,Panama Papers,452081,matched,HTML/CSV same ICIJ family; raw direction preserved in relationship extract; literal dash comparison treated as blank only
12141123,https://offshoreleaks.icij.org/nodes/12141123,6e138eac4cc939fdec23ceb164011e19b17ae90ada6abfac0f1b07a34ccb7af2,table2/tbody/tr1,Address,14028490,[address withheld],,,,,Panama Papers,452082,matched,HTML/CSV same ICIJ family; raw direction preserved in relationship extract; literal dash comparison treated as blank only
12146270,https://offshoreleaks.icij.org/nodes/12146270,bf2b8bf95f84fb6c9d9f631203c7a854ad28f6a0db91cb3c7a8f5a4a34a1ea9a,table1/tbody/tr1,Entity,10210594,GORLANE BUSINESS INC.,Shareholder,Active,12-DEC-2012,-,Panama Papers,466882,matched,HTML/CSV same ICIJ family; raw direction preserved in relationship extract; literal dash comparison treated as blank only
12146270,https://offshoreleaks.icij.org/nodes/12146270,bf2b8bf95f84fb6c9d9f631203c7a854ad28f6a0db91cb3c7a8f5a4a34a1ea9a,table2/tbody/tr1,Address,14037672,[address withheld],,,,,Panama Papers,466883,matched,HTML/CSV same ICIJ family; raw direction preserved in relationship extract; literal dash comparison treated as blank only
12155628,https://offshoreleaks.icij.org/nodes/12155628,c4eb8c7da8f55249ed652ce9864108a4e62ff21fca7d72a6fe754552c67a323c,table1/tbody/tr1,Entity,10210594,GORLANE BUSINESS INC.,Shareholder,Active,30-MAR-2007,23-MAY-2010,Panama Papers,494203,matched,HTML/CSV same ICIJ family; raw direction preserved in relationship extract; literal dash comparison treated as blank only
12155628,https://offshoreleaks.icij.org/nodes/12155628,c4eb8c7da8f55249ed652ce9864108a4e62ff21fca7d72a6fe754552c67a323c,table2/tbody/tr1,Address,14044274,[address withheld],,,,,Panama Papers,494204,matched,HTML/CSV same ICIJ family; raw direction preserved in relationship extract; literal dash comparison treated as blank only
12159818,https://offshoreleaks.icij.org/nodes/12159818,1c8ba8be2f7709d5f10563781ccc9a90f3f994b07a6c5f1093465e035ee5b234,table1/tbody/tr1,Entity,10210594,GORLANE BUSINESS INC.,Shareholder,Active,23-MAY-2010,-,Panama Papers,506896,matched,HTML/CSV same ICIJ family; raw direction preserved in relationship extract; literal dash comparison treated as blank only
12159818,https://offshoreleaks.icij.org/nodes/12159818,1c8ba8be2f7709d5f10563781ccc9a90f3f994b07a6c5f1093465e035ee5b234,table2/tbody/tr1,Address,14047457,[address withheld],,,,,Panama Papers,506897,matched,HTML/CSV same ICIJ family; raw direction preserved in relationship extract; literal dash comparison treated as blank only
12163340,https://offshoreleaks.icij.org/nodes/12163340,ebf9ff78fb72dbe43b0a3cbf61850d873f95c2ecc283c580bdd6183350ae7ab0,table1/tbody/tr1,Entity,10210594,GORLANE BUSINESS INC.,Shareholder,Active,23-MAY-2010,-,Panama Papers,521674,matched,HTML/CSV same ICIJ family; raw direction preserved in relationship extract; literal dash comparison treated as blank only
12163340,https://offshoreleaks.icij.org/nodes/12163340,ebf9ff78fb72dbe43b0a3cbf61850d873f95c2ecc283c580bdd6183350ae7ab0,table2/tbody/tr1,Address,14050061,[address withheld],,,,,Panama Papers,521675,matched,HTML/CSV same ICIJ family; raw direction preserved in relationship extract; literal dash comparison treated as blank only
12167368,https://offshoreleaks.icij.org/nodes/12167368,6c91e1f4528c0c565e9301df86d01366eb816c2dca84e430737b05021c3a261a,table1/tbody/tr1,Entity,10210594,GORLANE BUSINESS INC.,Shareholder,Active,23-MAY-2010,-,Panama Papers,533397,matched,HTML/CSV same ICIJ family; raw direction preserved in relationship extract; literal dash comparison treated as blank only
12167368,https://offshoreleaks.icij.org/nodes/12167368,6c91e1f4528c0c565e9301df86d01366eb816c2dca84e430737b05021c3a261a,table2/tbody/tr1,Address,14045599,[address withheld],,,,,Panama Papers,533398,matched,HTML/CSV same ICIJ family; raw direction preserved in relationship extract; literal dash comparison treated as blank only
12205452,https://offshoreleaks.icij.org/nodes/12205452,4991129bf04d4178bddf3e0f8d5c6b66c98927e1730a7d904965c55b275aa34a,table1/tbody/tr1,Entity,10210594,GORLANE BUSINESS INC.,Shareholder,Active,23-MAY-2010,-,Panama Papers,640469,matched,HTML/CSV same ICIJ family; raw direction preserved in relationship extract; literal dash comparison treated as blank only
12205452,https://offshoreleaks.icij.org/nodes/12205452,4991129bf04d4178bddf3e0f8d5c6b66c98927e1730a7d904965c55b275aa34a,table1/tbody/tr2,Entity,10210594,GORLANE BUSINESS INC.,Shareholder,Active,29-DEC-2011,-,Panama Papers,640470,matched,HTML/CSV same ICIJ family; raw direction preserved in relationship extract; literal dash comparison treated as blank only
12205452,https://offshoreleaks.icij.org/nodes/12205452,4991129bf04d4178bddf3e0f8d5c6b66c98927e1730a7d904965c55b275aa34a,table2/tbody/tr1,Address,14081590,[address withheld],,,,,Panama Papers,640471,matched,HTML/CSV same ICIJ family; raw direction preserved in relationship extract; literal dash comparison treated as blank only
20025856,https://offshoreleaks.icij.org/nodes/20025856,babf06f21761f7c1a17ec64cb55f67f99e324311d48c1d00a39f371da91dcc1a,table1/tbody/tr1,Entity,10173628,EASTRADE LTD.,Same company as,Active,-,-,Panama Papers,1289949,matched,HTML/CSV same ICIJ family; raw direction preserved in relationship extract; literal dash comparison treated as blank only
20025856,https://offshoreleaks.icij.org/nodes/20025856,babf06f21761f7c1a17ec64cb55f67f99e324311d48c1d00a39f371da91dcc1a,table2/tbody/tr1,Intermediary,23000136,MOSSACK FONSECA & CO. (BAHAMAS) LIMITED,,-,,,Bahamas Leaks,1332682,matched,HTML/CSV same ICIJ family; raw direction preserved in relationship extract; literal dash comparison treated as blank only
