role_id,entity_or_record,legal_identifier_status,dated_role,provider_of_funds,transmitting_agent,benefited_obligor,ultimate_payee_account,affirmative_evidence,source_ids,locator,missing_proof,classification,include_in_totals
GR01,Parborio Holdings Ltd,ICIJ12159818; certified registry number unresolved,2010-05-19 buyer obligation,Source of particular105825000 not established,Etmor Investments Ltd,Parborio Holdings Ltd,Receiving account not obtained,Court names buyer and payment made on its behalf,S71,paras902-904;919-932,Executed buyer schedule agency instructions beneficiary record funding ledger,judicial payment/obligation finding; not bank reconstruction,no
GR02,Atinia Ventures Limited,ICIJ12205452; certified registry number unresolved,2010 named buyer; graph23-MAY-2010 and29-DEC-2011,Not separately established,Not separately established,Named buyer; exact individual obligations unacquired,Not obtained,Explicit court buyer name; two literal graph roles,S59;S71,ownership rows640469/640470;para903,SPA schedule contribution and payment evidence,named buyer not proven individual funding amount,no
GR03,Belego Holdings Limited,S81 reports ΗΕ251868; normalized HE251868,Graph23-MAY-2010; prosecution2010-2012 credit account,VEB alleged in prosecution narrative; no instrument or draw,Not established,Not certified by executed facility,Not obtained,Graph shareholder and named credit allegation; official identifier;2024notice parsed row,S59;S80;S81;S82,row452081;S81p2;S82p32parsed,Certified history executed facility charge/pledge and draw; explicit3-buyer mapping,candidate not identified by subtraction,no
GR04,Sileni Trading Limited,S81 reports ΗΕ251695; normalized HE251695,Graph23-MAY-2010; prosecution2010-2012 credit account,VEB alleged in prosecution narrative; no instrument or draw,Not established,Not certified by executed facility,Not obtained,Graph shareholder plus named credit allegation and official identifier,S59;S80;S81,row533397;S81p4,Original credit/charge history and explicit court purchaser mapping,candidate not identified by subtraction,no
GR05,Equalchance Processing Limited,S81 reports ΗΕ187745; raw12163340 and12099846 not automatically merged,Graph23-MAY-2010;29-DEC-2011;12-DEC-2012,VEB alleged in prosecution narrative; no instrument or draw,Not established,Not certified by executed facility,Not obtained,Separate three raw rows; official named-company identifier,S59;S78;S80;S81,rows521674/336664/336663;S81p5,Legal node continuity member register original credit/charge and buyer mapping,separate graph records; candidate purchaser financing,no
GR06,Quinira Holdings Limited,S81 reports ΗΕ286910; S82 HE286910,2012 exit negotiations; graph12-DEC-2012,No proven contribution or loan draw,Proposed netting parties not executed payer proof,Exact executed2012 obligations not obtained,Not obtained,Court describes VEB-negotiated exit conditions; graph role; official ID/notice,S59;S71;S80;S81;S82,row394235;para927-931;S81p7;S82p112,Executed2012agreement release assignment and share register,documented negotiation not executed settlement,no
GR07,Freegain Trading Limited,S81 reports HE286456,Graph12-DEC-2012; prosecution2010-2012 account,VEB alleged in aggregate prosecution case; not draw proof,Not established,Not certified by executed facility,Not obtained,Previously unselected raw shareholder row and official identifier,S59;S78;S80;S81,row466882;S81p8,Historical incorporation/share register original credit/charge and actual role dates,later holder not assumed2010buyer,no
GR08,Etmor Investments Ltd,Named by court; certified registry number unresolved,2010-05-19 payment agent/payer,Do not substitute VEB for unknown source of this specific payment,Etmor Investments Ltd,Parborio Holdings Ltd,Account identity not obtained,Judicially described105825000 payment; settlement characterization preferred,S71,paras902-904;919-932,Agency authority payment instruction funding account and beneficiary details,transmitting payer distinct from provider and payee,no
GR09,VEB,Existing N05; current designation not used to infer old advances,2010 joint funding account;2012 exit negotiation,Joint acquisition funding described; specific Etmor source unproved,Etmor is payer of T22; VEB not substituted,Individual debtors need original instruments,Not obtained,Court describes association/funding and later conditional negotiating role,S71;S80,para903;927;Ukrainian prosecution credit account,Original facilities draw records consents and explicit buyer schedule,funding association and transaction-specific leverage not universal control,no
GR10,MRHL Guernsey-context seller,Existing N01; BVI10088926 remains separate,2010 seller;2007Toronto guarantor;2011assignment report,No proved onward source-to-Toronto application,Actual closing banks/agents unacquired,Toronto guarantee obligations exist separately,Seller contractual entitlement not verified receiving account,Seller and pre-existing Toronto obligations documented in different records,S17;S18;S71,S17paras42-45;S18paras69-75,Closing credits June2011assignment consideration demand/agent posting records,contractual bridge not a proven cash bridge,no
GR11,Global Steel Investments Limited UK,05188128; not Seychelles10018466,2009 and later filed Gorlane subsidiary,No850million flow established by reviewed dormant accounts,Not established,No relevant finance obligation proved,Not obtained,Gorlane holds both shares in dated returns;2008/09 conflict;GBP2accounts,S84;S85;S92;S95;S97,S84pp3-4;S85pp3-4;S92/S97balance sheets,Member register transfer forms accounting perimeter and any nominee arrangements,independent filed-record corroboration with counterevidence,no
GR12,Gorlane officer/Eastrade neighborhood,12133896 distinct from entity10210594; Eastrade25856B concordance,17-MAY-2010 graph relationship,No cash inference,No cash inference,No cash inference,No account evidence,Shareholder role plus explicit Eastrade counterpart link,S59;S78;S81,Eastrade first-degree rows;S81pp15-16,Gorlane legal identity join and Bahamas historical shareholder register,qualified identity and ownership only,no
