return_id,source_ids,manifest_id,package_name,url,mirror_year_label,verified_tax_year,verified_filer,verified_form,revision_status,signature_observation,page_count,native_text_pages,sha256,bytes,review_scope,corpus_complete,negative_search_permitted,overlap_group,include_in_totals,limit
TR01,S60,M73,01-Form-1040-2015-1.pdf,https://www.citizensforethics.org/wp-content/uploads/2022/12/Form-1040-2015-1.pdf,2015,,,,not_verified,not authenticated,63,0,18b33bdf7b70327e2458a511d0971d43c0a6ac44eeb34f4252dd193f620baac4,27581979,Acquired bytes; page count and native-text check only; no substantive visual review,no,no,,no,Selected released package only; no bank proof
TR02,S60,M74,02-Form-1040-2015-1a.pdf,https://www.citizensforethics.org/wp-content/uploads/2022/12/Form-1040-2015-1a.pdf,2015,,,,not_verified,not authenticated,65,0,193d723f04ea6675f882c33e8de161c3114574ea70b67af8f7fcd5bb8f16b924,16589252,Acquired bytes; page count and native-text check only; no substantive visual review,no,no,,no,Selected released package only; no bank proof
TR03,S60,M75,03-Form-1040-2015-2.pdf,https://www.citizensforethics.org/wp-content/uploads/2022/12/Form-1040-2015-2.pdf,2015,,,,not_verified,not authenticated,80,0,ae02e5ceb5bab1325dad10ebc12209c4c05d932618cc408f9bb0e00afbd6650c,27520407,Acquired bytes; page count and native-text check only; no substantive visual review,no,no,,no,Selected released package only; no bank proof
TR04,S60,M76,04-Form-1040-2015-2a.pdf,https://www.citizensforethics.org/wp-content/uploads/2022/12/Form-1040-2015-2a.pdf,2015,,,,not_verified,not authenticated,127,0,580750af529aac0760b0a8af3837acf2c3e7acbf0a6b355c899f20e60790edfd,42534293,Acquired bytes; page count and native-text check only; no substantive visual review,no,no,,no,Selected released package only; no bank proof
TR05,S60,M77,05-Form-1040-2015-3.pdf,https://www.citizensforethics.org/wp-content/uploads/2022/12/Form-1040-2015-3.pdf,2015,,,,not_verified,not authenticated,100,0,91b8ba9ba36c06c08f846719a25824de89652f547ac06126fe74709fb5aafa7b,32212905,Acquired bytes; page count and native-text check only; no substantive visual review,no,no,,no,Selected released package only; no bank proof
TR06,S60,M78,06-Form-1040-2016-3a.pdf,https://www.citizensforethics.org/wp-content/uploads/2022/12/Form-1040-2016-3a.pdf,2016,,Donald J. Trump individual return package,1116 attached statement; year not verified,not_verified,not authenticated,104,0,4b89295f9401d9d401ff85a8f46fa107fc55a4eb148fb4a2abd7d52a6ee26e71,28461670,Detailed p1; no year on that page; unresolved index year,no,no,,no,Index 2015part6 points here; year not authenticated
TR07,S60,M79,07-Form-1040-2016-1.pdf,https://www.citizensforethics.org/wp-content/uploads/2022/12/Form-1040-2016-1.pdf,2016,,,,not_verified,not authenticated,150,0,6625bd40ecd05b52d6021eea5823b747d68688fc2e3a6b3dc8d32ea0e0d87390,46931471,Acquired bytes; page count and native-text check only; no substantive visual review,no,no,2016-part1,no,Selected released package only; no bank proof
TR08,S60,M80,08-Form-1040-2016-2.pdf,https://www.citizensforethics.org/wp-content/uploads/2022/12/Form-1040-2016-2.pdf,2016,,,,not_verified,not authenticated,139,0,73d4530a5e3127df75f0ae52302956976a425a001ee9820eef037ed47a85d0d7,39890042,Acquired bytes; page count and native-text check only; no substantive visual review,no,no,,no,Selected released package only; no bank proof
TR09,S68,M81,09-Form-1040-2016-3b.pdf,https://www.citizensforethics.org/wp-content/uploads/2022/12/Form-1040-2016-3b.pdf,2016,2017,Donald J. Trump individual return package,TY2017 attached statement; filename2016,not_verified,not authenticated,106,0,57d6e13e9f05eb94557c8785c645db5bf30c120d56f02bc672104f61762b5708,42365448,Detailed p1 and lastpage; boundary render comparison only,no,no,2017-part3,no,2017 material under2016filename; overlap at sampled boundaries; do not sum parts
TR10,S66,M82,10-Form-1040-2017-1.pdf,https://www.citizensforethics.org/wp-content/uploads/2022/12/Form-1040-2017-1.pdf,2017,2017,Donald J. Trump individual return package,1040 package; ScheduleE attachment,not_verified,not authenticated,138,0,017d5271dbad8002ccfdc1b98e705e205f25a710448ed7627c58d94dd0663bf8,42363118,Detailed p1 and pp38-39; name-column navigation pp34-44; pp1-56 thumbnails; no numeric-name joins,no,no,,no,Selected released package only; no bank proof
TR11,S60,M83,11-Form-1040-2017-1a.pdf,https://www.citizensforethics.org/wp-content/uploads/2022/12/Form-1040-2017-1a.pdf,2017,,,,not_verified,not authenticated,146,0,c5a1a5e539a7cd72ece98ab5229d159a5cbace41a3e2229f286c35b357d69b61,45364144,Acquired bytes; page count and native-text check only; no substantive visual review,no,no,,no,Selected released package only; no bank proof
TR12,S60,M84,12-Form-1040-2017-2.pdf,https://www.citizensforethics.org/wp-content/uploads/2022/12/Form-1040-2017-2.pdf,2017,,,,not_verified,not authenticated,210,0,cc1ca93988beb16545d0ca524cc6bf479250d31630c73f55d889bdf35e4c85f1,43060196,Acquired bytes; page count and native-text check only; no substantive visual review,no,no,,no,Selected released package only; no bank proof
TR13,S60,M85,13-Form-1040-2017-3.pdf,https://www.citizensforethics.org/wp-content/uploads/2022/12/Form-1040-2017-3.pdf,2017,,,,not_verified,not authenticated,100,0,20724302d3bef07e4fd1c58dbb36537395cbb2f8406dbc0625f76afa156f4c0f,41071960,Acquired bytes; page count and native-text check only; no substantive visual review,no,no,2017-part3,no,Selected released package only; no bank proof
TR14,S60,M86,14-Form-1040-2017-3a.pdf,https://www.citizensforethics.org/wp-content/uploads/2022/12/Form-1040-2017-3a.pdf,2017,,,,not_verified,not authenticated,100,0,70b3be3848ddbbb30c7a75d8e84c7066d2d89a1898cd63937303d4f1c9ba72ac,41074669,Acquired bytes; page count and native-text check only; no substantive visual review,no,no,2017-part3,no,Selected released package only; no bank proof
TR15,S60,M87,15-Form-1040-2018-1.pdf,https://www.citizensforethics.org/wp-content/uploads/2022/12/Form-1040-2018-1.pdf,2018,,,,not_verified,not authenticated,157,0,88ea96b0d88379c9565dd9be4e152c7377f9938fb8c771dece0961e53deced70,43746968,Acquired bytes; page count and native-text check only; no substantive visual review,no,no,,no,Selected released package only; no bank proof
TR16,S60,M88,16-Form-1040-2018-2.pdf,https://www.citizensforethics.org/wp-content/uploads/2022/12/Form-1040-2018-2.pdf,2018,,,,not_verified,not authenticated,133,0,4bc95799ee20376a07d2a75f0cd05e3a7f9a385bce9d0cdd32f845b3c90ddc1c,28269122,Acquired bytes; page count and native-text check only; no substantive visual review,no,no,,no,Selected released package only; no bank proof
TR17,S60,M89,17-Form-1040-2019-1.pdf,https://www.citizensforethics.org/wp-content/uploads/2022/12/Form-1040-2019-1.pdf,2019,,,,not_verified,not authenticated,112,0,e5e8ae1dca8e49bec42f4e0c846dee416def3e022fafe3cbf10fb361edf73a82,35985372,Acquired bytes; page count and native-text check only; no substantive visual review,no,no,,no,Selected released package only; no bank proof
TR18,S60,M90,18-Form-1040-2019-2.pdf,https://www.citizensforethics.org/wp-content/uploads/2022/12/Form-1040-2019-2.pdf,2019,,,,not_verified,not authenticated,136,0,d5c8319b407a4e976343ceefb37f26126139b5520436c2cfec25d9699a616d1d,38496644,Acquired bytes; page count and native-text check only; no substantive visual review,no,no,,no,Selected released package only; no bank proof
TR19,S60,M91,19-Form-1040-2019-3.pdf,https://www.citizensforethics.org/wp-content/uploads/2022/12/Form-1040-2019-3.pdf,2019,,,,not_verified,not authenticated,70,0,02fc4386bdff03569a13893c35c3f4b01a1a87ab7520206c158e2cc97ad83f59,9435164,Acquired bytes; page count and native-text check only; no substantive visual review,no,no,,no,Selected released package only; no bank proof
TR20,S60,M92,20-Form-1040-2020-1.pdf,https://www.citizensforethics.org/wp-content/uploads/2022/12/Form-1040-2020-1.pdf,2020,,,,not_verified,not authenticated,150,0,6fcdaecf52d960690876c69a643eb9c764abd422e6a5f85005ba5169f172a3a8,47728785,Acquired bytes; page count and native-text check only; no substantive visual review,no,no,,no,Selected released package only; no bank proof
TR21,S60,M93,21-Form-1040-2020-2.pdf,https://www.citizensforethics.org/wp-content/uploads/2022/12/Form-1040-2020-2.pdf,2020,,,,not_verified,not authenticated,104,0,1f9a0004ca3fdecdd543c6f05f04737bd2574fa7e8d991428727586c8e4b17a1,25493143,Acquired bytes; page count and native-text check only; no substantive visual review,no,no,,no,Selected released package only; no bank proof
TR22,S60,M94,22-Form-1040-2020-3.pdf,https://www.citizensforethics.org/wp-content/uploads/2022/12/Form-1040-2020-3.pdf,2020,,,,not_verified,not authenticated,96,0,9e2cb1579ebb342b4bb1708226fa78760e258618a6bc48938c090952d0b47593,9077792,Acquired bytes; page count and native-text check only; no substantive visual review,no,no,,no,Selected released package only; no bank proof
TR23,S60,M95,23-DJT-Holdings-2015.pdf,https://www.citizensforethics.org/wp-content/uploads/2022/12/DJT-Holdings-2015.pdf,2015,,,,not_verified,not authenticated,88,0,ade25fbc1e46a1b113e0595aa075135de1e307fa2c86feacb31a0ba3af8caf1a,16405818,Acquired bytes; page count and native-text check only; no substantive visual review,no,no,,no,Selected released package only; no bank proof
TR24,S60,M96,24-DJT-Holdings-2016.pdf,https://www.citizensforethics.org/wp-content/uploads/2022/12/DJT-Holdings-2016.pdf,2016,,,,not_verified,not authenticated,84,0,c0aff6d644de6ac85279fc820840d461d3bb249a2063145b6d45d1051e15a807,15258554,Acquired bytes; page count and native-text check only; no substantive visual review,no,no,,no,Selected released package only; no bank proof
TR25,S60,M97,25-DJT-Holdings-2017.pdf,https://www.citizensforethics.org/wp-content/uploads/2022/12/DJT-Holdings-2017.pdf,2017,,,,not_verified,not authenticated,162,0,bb4d74e4ad2eb75f9ae0c15902dd7582be9873e9ddcd63afb946432fe1e897ec,32682359,Acquired bytes; page count and native-text check only; no substantive visual review,no,no,,no,Selected released package only; no bank proof
TR26,S60,M98,26-DJT-Holdings-2018.pdf,https://www.citizensforethics.org/wp-content/uploads/2022/12/DJT-Holdings-2018.pdf,2018,,,,not_verified,not authenticated,174,0,a9365efa2eb0da3016ac591a209f8e90de327c492c318cb77a214d5864301ca6,35351949,Acquired bytes; page count and native-text check only; no substantive visual review,no,no,,no,Selected released package only; no bank proof
TR27,S60,M99,27-DJT-Holdings-2019.pdf,https://www.citizensforethics.org/wp-content/uploads/2022/12/DJT-Holdings-2019.pdf,2019,,,,not_verified,not authenticated,178,0,25656f02e814f33c9a3bd7c144aa7e9bf66f4d515d2cab1aa8d4aa96afb087d9,36866739,Acquired bytes; page count and native-text check only; no substantive visual review,no,no,,no,Selected released package only; no bank proof
TR28,S60,M100,28-DJT-Holdings-2020.pdf,https://www.citizensforethics.org/wp-content/uploads/2022/12/DJT-Holdings-2020.pdf,2020,,,,not_verified,not authenticated,236,0,df16eddfc3038ddaeb89ec8d799666cd2954a668ef6fafc91255291db82106c2,43782609,Acquired bytes; page count and native-text check only; no substantive visual review,no,no,,no,Selected released package only; no bank proof
TR29,S60,M101,29-DJT-Holdings-Managing-Member-LLC-2015.pdf,https://www.citizensforethics.org/wp-content/uploads/2022/12/DJT-Holdings-Managing-Member-LLC-2015.pdf,2015,,,,not_verified,not authenticated,62,0,8c5fc16ea887b08b1574bf00abbd77b71aa01a563288a8d7a1735384890e02b5,11882809,Acquired bytes; page count and native-text check only; no substantive visual review,no,no,,no,Selected released package only; no bank proof
TR30,S64,M102,30-DJT-Holdings-Managing-Member-LLC-2016.pdf,https://www.citizensforethics.org/wp-content/uploads/2022/12/DJT-Holdings-Managing-Member-LLC-2016.pdf,2016,2016,DJT Holdings Managing Member LLC,1120S,amended_checkbox_not_marked,Masked field; date2017-09-15 on reviewed signature page,48,0,e5825292408ab57b35de61ef055653c544e4d3deb1d6eec025ccb0db6f0e60d7,8983354,"Detailed pp1-2,7-8; pp1-24 thumbnail navigation",no,no,,no,Selected released package only; no bank proof
TR31,S63,M103,31-DJT-Holdings-Managing-Member-LLC-2017.pdf,https://www.citizensforethics.org/wp-content/uploads/2022/12/DJT-Holdings-Managing-Member-LLC-2017.pdf,2017,2017,DJT Holdings Managing Member LLC,1120S,amended_checkbox_marked,Masked signature field; date2018-10-12 on firstpage; not wet-signature authentication,106,0,63c9519f0c9ada783dfecf8f9b4e3d29c99ce465252f5552adead9b8fee80d82,26937628,"Detailed pp1,7-11,43-46; all106 pages thumbnail navigation only; continuation2026-10-10: physical38 GenDep visual review; manager2219431 + Vancouver133677 = total2353108 in exclusion narrative, not cash/fees; Continuation additionally image-read physical37-39: p38 TY2017 GenDep narrative; its form-line reference field is blank; no line19 attribution",no,no,,no,Selected released package only; no bank proof; newly supported bounded tax-statement observation Q12 does not reconcile Q01 or pre-election interval
TR32,S65,M104,32-DJT-Holdings-Managing-Member-LLC-2018.pdf,https://www.citizensforethics.org/wp-content/uploads/2022/12/DJT-Holdings-Managing-Member-LLC-2018.pdf,2018,2018,DJT Holdings Managing Member LLC,1120S,amended_checkbox_not_marked,not authenticated,118,0,68fd68c405682afb17cc1fa7f994aaf4b3a3aaf018bf676e24cccdd25be9a4f8,29118924,"Detailed pp1,8-9; pp1-16 thumbnails",no,no,,no,Selected released package only; no bank proof
TR33,S60,M105,33-DJT-Holdings-Managing-Member-LLC-2019-1.pdf,https://www.citizensforethics.org/wp-content/uploads/2022/12/DJT-Holdings-Managing-Member-LLC-2019-1.pdf,2019,,,,not_verified,not authenticated,180,0,4e67d86519df8ef62557035a0f6e1d73fac10d9191bec2ebe4c3d91fe9145f93,34799069,Acquired bytes; page count and native-text check only; no substantive visual review,no,no,,no,Selected released package only; no bank proof
TR34,S60,M106,34-DJT-Holdings-Managing-Member-LLC-2019-2.pdf,https://www.citizensforethics.org/wp-content/uploads/2022/12/DJT-Holdings-Managing-Member-LLC-2019-2.pdf,2019,,,,not_verified,not authenticated,192,0,f750cd6a4da263f1a045f994e897640f60bc9431d1b8cbf7c8f4d5a2a5b5cda6,24756638,Acquired bytes; page count and native-text check only; no substantive visual review,no,no,,no,Selected released package only; no bank proof
TR35,S60,M107,35-DJT-Holdings-Managing-Member-LLC-2020-1.pdf,https://www.citizensforethics.org/wp-content/uploads/2022/12/DJT-Holdings-Managing-Member-LLC-2020-1.pdf,2020,,,,not_verified,not authenticated,240,0,fdcaf97cd46af803da3197f6682291c7c75976513b91e2d1c3fbe6d063509fdf,38100874,Acquired bytes; page count and native-text check only; no substantive visual review,no,no,,no,Selected released package only; no bank proof
TR36,S60,M108,36-DJT-Holdings-Managing-Member-LLC-2020-2.pdf,https://www.citizensforethics.org/wp-content/uploads/2022/12/DJT-Holdings-Managing-Member-LLC-2020-2.pdf,2020,,,,not_verified,not authenticated,246,0,c9f247035fcc7c0dcbdf49bd258e0e9f3912fcae44c06364dc9930e23d03f023,33787307,Acquired bytes; page count and native-text check only; no substantive visual review,no,no,,no,Selected released package only; no bank proof
TR37,S60,M109,37-DTTM-Operations-2016.pdf,https://www.citizensforethics.org/wp-content/uploads/2022/12/DTTM-Operations-2016.pdf,2016,,,,not_verified,not authenticated,54,0,d1621dc613465cd5abfd7b64e5d4fbbe37a0c33b4df675aef17cd7af434dc2fb,9843898,Acquired bytes; page count and native-text check only; no substantive visual review,no,no,,no,Selected released package only; no bank proof
TR38,S60,M110,38-DTTM-Operations-2017.pdf,https://www.citizensforethics.org/wp-content/uploads/2022/12/DTTM-Operations-2017.pdf,2017,,,,not_verified,not authenticated,110,0,a0111ba2abd0c496d7f6c176966f593c6a5be41a5d3a98d1f59a59ea367782b5,18257044,Acquired bytes; page count and native-text check only; no substantive visual review,no,no,,no,Selected released package only; no bank proof
TR39,S60,M111,39-DTTM-Operations-2018.pdf,https://www.citizensforethics.org/wp-content/uploads/2022/12/DTTM-Operations-2018.pdf,2018,,,,not_verified,not authenticated,130,0,189fa0725ccb9d0f1c155169cd76847e78f664080e8faa48bae335e6f0e84f46,21247703,Acquired bytes; page count and native-text check only; no substantive visual review,no,no,,no,Selected released package only; no bank proof
TR40,S60,M112,40-DTTM-Operations-2019.pdf,https://www.citizensforethics.org/wp-content/uploads/2022/12/DTTM-Operations-2019.pdf,2019,,,,not_verified,not authenticated,166,0,bac1682cb83c1b0fea60c14e781b1a379ea462cf126004b7fcbf0e413d53c7c2,24448009,Acquired bytes; page count and native-text check only; no substantive visual review,no,no,,no,Selected released package only; no bank proof
TR41,S60,M113,41-DTTM-Operations-2020.pdf,https://www.citizensforethics.org/wp-content/uploads/2022/12/DTTM-Operations-2020.pdf,2020,,,,not_verified,not authenticated,160,0,fcb882cba68974baec5b47373f766cb867e533bb0ddbaa87832806f817586403,29439831,Acquired bytes; page count and native-text check only; no substantive visual review,no,no,,no,Selected released package only; no bank proof
TR42,S60,M114,42-DTTM-Operations-Managing-Member-2016.pdf,https://www.citizensforethics.org/wp-content/uploads/2022/12/DTTM-Operations-Managing-Member-2016.pdf,2016,,,,not_verified,not authenticated,20,0,b7a1744ec22a57ef9c497c27aabeef34f97b59906e05ebeb89f97d2cdebbc35c,3590584,Acquired bytes; page count and native-text check only; no substantive visual review,no,no,,no,Selected released package only; no bank proof
TR43,S60,M115,43-LFB-Acquisition-LLC-2015.pdf,https://www.citizensforethics.org/wp-content/uploads/2022/12/LFB-Acquisition-LLC-2015.pdf,2015,,,,not_verified,not authenticated,42,0,ffcfd2d8704a3d11cea0db7e2672eccef1a5e88a97cd39f1fcce562567d5ee12,7704849,Acquired bytes; page count and native-text check only; no substantive visual review,no,no,,no,Selected released package only; no bank proof
TR44,S60,M116,44-LFB-Acquisition-LLC-2016.pdf,https://www.citizensforethics.org/wp-content/uploads/2022/12/LFB-Acquisition-LLC-2016.pdf,2016,,,,not_verified,not authenticated,48,0,31163a0d87a220ffd327add40a979489987a8bf6cf78ac07d4584a797e083757,8796405,Acquired bytes; page count and native-text check only; no substantive visual review,no,no,,no,Selected released package only; no bank proof
TR45,S60,M117,45-LFB-Acquisition-LLC-2017.pdf,https://www.citizensforethics.org/wp-content/uploads/2022/12/LFB-Acquisition-LLC-2017.pdf,2017,,,,not_verified,not authenticated,46,0,2886e93cee90394ca52d21cdc7b92f5ba7fefd5c98854818655f092c67cbc006,8298916,Acquired bytes; page count and native-text check only; no substantive visual review,no,no,,no,Selected released package only; no bank proof
TR46,S60,M118,46-LFB-Acquisition-LLC-2018.pdf,https://www.citizensforethics.org/wp-content/uploads/2022/12/LFB-Acquisition-LLC-2018.pdf,2018,,,,not_verified,not authenticated,56,0,f37838df4ac8e67767fc9df4a5fe16b187b03577dd0735934aa73b0db37c1d1f,10296600,Acquired bytes; page count and native-text check only; no substantive visual review,no,no,,no,Selected released package only; no bank proof
TR47,S60,M119,47-LFB-Acquisition-LLC-2019.pdf,https://www.citizensforethics.org/wp-content/uploads/2022/12/LFB-Acquisition-LLC-2019.pdf,2019,,,,not_verified,not authenticated,56,0,f30dc8cca988d7c23dc089c7d911121549e8cf03abff995f055bcc5b069a9592,9725669,Acquired bytes; page count and native-text check only; no substantive visual review,no,no,,no,Selected released package only; no bank proof
TR48,S60,M120,48-LFB-Acquisition-LLC-2020.pdf,https://www.citizensforethics.org/wp-content/uploads/2022/12/LFB-Acquisition-LLC-2020.pdf,2020,,,,not_verified,not authenticated,60,0,10ad03a8651324fa423837edea007fb6e2ea7b0d9009bfb1d022215859ca1829,10315983,Acquired bytes; page count and native-text check only; no substantive visual review,no,no,,no,Selected released package only; no bank proof
TR49,S60,M121,49-LFB-Acquisition-LLC-Member-Corp-2015.pdf,https://www.citizensforethics.org/wp-content/uploads/2022/12/LFB-Acquisition-LLC-Member-Corp-2015.pdf,2015,,,,not_verified,not authenticated,32,0,6e9fcc33a6702715528d45e2e1e45db9eb45a210020618272904c5b075f3f5d3,5583236,Acquired bytes; page count and native-text check only; no substantive visual review,no,no,,no,Selected released package only; no bank proof
TR50,S60,M122,50-LFB-Acquisition-LLC-Member-Corp-2016.pdf,https://www.citizensforethics.org/wp-content/uploads/2022/12/LFB-Acquisition-LLC-Member-Corp-2016.pdf,2016,,,,not_verified,not authenticated,30,0,087d93564b4fda89375a16752fe3d344359e65b80e1cb12b0d2d280c4e6d3750,5595427,Acquired bytes; page count and native-text check only; no substantive visual review,no,no,,no,Selected released package only; no bank proof
TR51,S60,M123,51-LFB-Acquisition-LLC-Member-Corp-2017.pdf,https://www.citizensforethics.org/wp-content/uploads/2022/12/LFB-Acquisition-LLC-Member-Corp-2017.pdf,2017,,,,not_verified,not authenticated,16,0,defad5130f36ebfb4eac70e83b29a63cf0a2b8a2d2c20b50bffff3f1cbe06ba0,2794494,Acquired bytes; page count and native-text check only; no substantive visual review,no,no,,no,Selected released package only; no bank proof
TR52,S67,M124,commons-2017-3.pdf,https://upload.wikimedia.org/wikipedia/commons/a/ae/Donald_J_Trump_Individual_tax_returns_Form_1040_2017-3.pdf?utm_source=commons.wikimedia.org&utm_campaign=index&utm_content=original,2017,2017,Donald J. Trump individual return package,TY2017 attached statements,not_verified,not authenticated,306,0,40df24a1d78f6abeea46b5f64d5340d3d7d2f99870e082ad7ae9657680d86d65,124489755,Detailed p1 and201; six sampled boundaries compared with three CREW payloads; not every page compared,no,no,2017-part3,no,Boundary samples overlap; not independent copies or proof all release parts complete
TR53,S75,M125,commons-2016-1.pdf,https://upload.wikimedia.org/wikipedia/commons/e/e8/Donald_J_Trump_Individual_tax_returns_Form_1040_2016_-1.pdf?utm_source=commons.wikimedia.org&utm_campaign=index&utm_content=original,2016,,,,not_verified,not authenticated,308,0,e87aec74b79bf6d1e1ba7482080c4a7e1a71edf38853501f4841ef6917ddbb00,108510701,Two sampled boundaries compared with CREW2016part1; additional pages not substantively reviewed,no,no,2016-part1,no,Boundary samples overlap; not independent copies or proof all release parts complete
