source_id,date,publisher,title,url,locator,independence_note
S01,2026-10-05,FinCEN,A7 proposed special measure,https://www.federalregister.gov/public-inspection/2026-20371/special-measure-prohibiting-the-transmittal-of-funds-regarding-transactions-involving-the-a7,footnote 23,FinCEN cites CIR
S02,2025-10,CIR,A7 Abroad,https://www.info-res.org/app/uploads/2025/10/A7-Abroad-FINAL-Copy.pdf,printed pages 3-5 and Figure 1,CIR cites FrankMedia and Star-Pro for pledge; earlier registry extracts for ownership
S03,2016-12-14,FTI,Talon First Receiver Report,https://cfcanada.fticonsulting.com/talon/docs/Receiver%27s%20First%20Report%20%28Security%20Opinion%2C%20Status%20Report%29.pdf,paragraphs 1 5-6 15-17 and Appendix D,Court-filed report; reliance on unaudited respondent information disclosed
S04,2016-2019,FTI,Talon reports index,https://cfcanada.fticonsulting.com/talon/reports.htm,first to final reports,Primary archive
S05,2017-05-17,Congressional Record,WSJ report reproduced,https://www.govinfo.gov/content/pkg/CREC-2017-05-17/pdf/CREC-2017-05-17.pdf,H4293-H4294; PDF pages 67-68,Reprint not independent reporting
S06,2017-06-05,NYT syndication,VEB steel sale coverage,https://businessmirror.com.ph/2017/06/05/bank-at-center-of-us-inquiry-projects-russian-soft-power/,Toronto section,Shared interview context
S07,2026,DJT,RF-014,https://github.com/mfreeze77/DJT/blob/main/Tmanch_Russian_Linked_Financial_Flows.csv,RF-014,Internal synthesis not external source
S08,2026-10-01,Treasury,A7 action,https://home.treasury.gov/news/press-releases/sb0644,A7 section,Official government assessment
S09,2025-08-14,Treasury,Garantex and related entities,https://home.treasury.gov/news/press-releases/sb0225,GRINEX and KEY GARANTEX PERSONNEL sections,Official government assessment
S10,2024-03-13,ICIJ,Peresvet and Garantex-associated individual,https://www.icij.org/investigations/russia-archive/firm-related-to-sanctioned-crypto-exchange-garantex-is-a-partner-of-moscow-gang-leader-and-has-links-to-kremlin-controlled-rosneft/,New Garantex shareholders; Karavatsky section,Historical association; Garantex responses included
S11,undated; accessed 2026-10-09,TI Russia,Crypto Laundromat,https://cryptolaundromat.ti-russia.org/chapter-1/,Banks That Don't Ask; October 2024 calls,Unverified intermediary claims; banks not described as partners or proven complicit
S12,2026,DJT,Chapter 4 sources,https://github.com/mfreeze77/DJT/blob/main/Tmanch_CH4_primary_sources.md,PS4-017/018,Internal inventory
S13,2026-04-30,RFE/RL,A7 reported oligarch users,https://www.rferl.org/a/russia-cryptocurrency-a7a5-ilan-shor-investigation-sanction-evasion/33746026.html,Abramovich passage,Reports on Proyekt; Abramovich denies protection allegation
S14,2026,DJT,Chapter 5,https://github.com/mfreeze77/DJT/blob/main/Tmanch_CH5.md,Kushner Gorkov,Internal synthesis
S15,2026,DJT,2010 annual JSON,https://github.com/mfreeze77/DJT/blob/main/trump-russia-timeline/data/processed/by-year/2010.json,event-081,Legacy not corroboration
S16,2026,DJT,2011 annual JSON,https://github.com/mfreeze77/DJT/blob/main/trump-russia-timeline/data/processed/by-year/2011.json,event-076,Legacy not corroboration
S17,2010-07-23,High Court of Justice; copy hosted by 7KBW,Luxe Holding Ltd v Midland Resources Holding Ltd [2010] EWHC 1908 (Ch),https://7kbw.co.uk/wp-content/uploads/2016/06/Luxe_v_Midland_Resources-1.pdf,HC10C01784; paragraphs 5-6 9 14 16 22-27 and 45,Original judgment reproduced by counsel; interim injunction decision; not bank confirmations
S18,2016-10-25,Ontario Superior Court; FTI public archive,Talon application record; Jay Wolf affidavit and exhibits,https://cfcanada.fticonsulting.com/talon/docs/6.pdf,CV-16-11573-00CL; affidavit paragraphs 44-55 and 69-74; Ex D physical p138; Ex V pp631 649-650; Ex W pp653-655,Original filed affidavit and exhibit copies; sworn assertions sometimes based on counsel; scanned 1029-page file only selectively image-reviewed
S19,2017-03-16,FTI Consulting Canada; Ontario Superior Court,Fourth Report of Receiver,https://cfcanada.fticonsulting.com/talon/docs/Receiver%27s%20Fourth%20Report%20%28Sale%20Approval%2C%20Fee%20Approval%2C%20Discharge%29.pdf,Appendix A Schedule A; physical pp63-64 items 2 3 and 12,Original receiver report and contract inventory; inventory is not executed underlying Trump agreements
S20,2024-10-03,FNS EGRUL via SPARK; copy published by RISE Moldova,Historical A7 LLC corporate extract,https://www.rise.md/wp-content/uploads/2024/10/%D0%A1%D0%9F%D0%90%D0%A0%D0%9A-%D0%92%D1%8B%D0%BF%D0%B8%D1%81%D0%BA%D0%B0_%D0%B8%D0%B7_%D0%95%D0%93%D0%A0%D0%AE%D0%9B_1247700586891_20241003_225050.pdf,pp1-4; items 18-20 25-29 35-56; OGRN 1247700586891,Registry extract reproduced through commercial SPARK; historical snapshot; no fresh certified FNS response or cryptographic authentication
S21,2024-10-03,FNS EGRUL via SPARK; copy published by RISE Moldova,Historical Exim International corporate extract,https://www.rise.md/wp-content/uploads/2024/10/%D0%A1%D0%9F%D0%90%D0%A0%D0%9A-%D0%92%D1%8B%D0%BF%D0%B8%D1%81%D0%BA%D0%B0_%D0%B8%D0%B7_%D0%95%D0%93%D0%A0%D0%AE%D0%9B_1247700421341_20241003_234420.pdf,pp1-4; items 26-30 and 39-56; OGRN 1247700421341,Same SPARK/RISE documentary family as S20; underlying ownership evidence not independent of CIR reuse
S22,2022-02-22,OFAC,VEB designation and identifiers,https://ofac.treasury.gov/recent-actions/20220222,Vnesheconombank entry; OGRN 1077711000102; INN 7750004150,Official designation identifies aliases and entity; not evidence of a particular loan or account transaction
S23,2025-08-14,OFAC,A7 A71 and A7 Agent designation identifiers,https://ofac.treasury.gov/recent-actions/20250814,A7 LLC; A71 LLC; A7 Agent LLC entries,Official administrative designation; independent identifier cross-check not authentication of every registry field
S24,2026-09,A7; company-branded presentation hosted by T-Investments,A7 investor presentation,https://invest-wm-wmback-wm-finance-issuance.t-static.ru/01a0f837-f31f-76b9-8b57-fb9e1500fd7e,physical pp8-10 ownership and funding diagrams,First-party company description; not independently audited loan schedule or proof that every illustrated payment occurred
S25,2026-04-30,OOO Aragon; auditor AO ASS,2025 financial statements and auditor report,https://aragonsk.ru/zed/files/121_125.pdf,physical p3 entity identification; p24 Note 16 A7 promissory-note table,Counterparty financial statement; issuer named A7 without issuer OGRN in table; holdings not bank-verified transfers; PDF metadata title is unreliable
S26,2026-09-30,Interfax Corporate Disclosure Center,A7 issuer 39813 financial-report archive index,https://www.e-disclosure.ru/portal/files.aspx?id=39813&type=4,2024 annual; 2025 annual; 2026 half-year archives listed September 30,Index retrieved by web; underlying ZIPs not retrieved; no reliance on unexamined financial statements
S27,2026-09-18,A7 issuer announcement reproduced by AZIPI,A7 exchange-bond programme decision,https://e-disclosure.azipi.ru/messages/4588665/,decision September 17; issuer 00289-L; programme 4-00289-L-001P-02E,Issuer notice reproduced on disclosure service; RUB200bn programme ceiling not issuance proceeds or VEB advances
S28,2026-10-05,FinCEN; Government Publishing Office,Published A7 special-measure proposed rule,https://www.govinfo.gov/content/pkg/FR-2026-10-05/pdf/2026-20371.pdf,91 FR 63208; physical p4 printed63211 footnote23; FINCEN-2026-0265,Published version of S01 not a separate confirmation; footnote23 explicitly depends on CIR S02
S29,2017-05-17,Wall Street Journal; archived copy at Brown University,Russian State-Run Bank Financed Deal Involving Trump Hotel Partner,https://cs.brown.edu/people/jsavage/VotingProject/2017_05_17_WSJ_RussianState-RunBankFinancedDealInvolvingTrumpHotelPartner.pdf,pp1 and3-4; original statement and next-day qualification; printed edition May18,Same WSJ investigation as S05; alternative copy not independent corroboration; reported disclosure receipts not original forms
S30,2026-10-09,OFAC,Russia-related General License 135,https://ofac.treasury.gov/media/937216/download?inline=,p1 paragraphs a-b,Original legal authorization; not a delivery invoice payment or government procurement contract
S31,2026-10-09,OFAC,ICC designation and general-license issuance,https://ofac.treasury.gov/recent-actions/20261009,ICC entity SDN entry; ICC-EO14203; General Licenses13-16,Official administrative action; not evidence of Russian causation
S32,2026-10-09,OFAC,ICC General License 13,https://ofac.treasury.gov/media/937186/download?inline=,p1 maintenance/wind-down paragraphs a-c,Original exception; maintenance authorization must not be omitted from sanctions-effects analysis
S33,2026-10-09,OFAC,ICC General License 14,https://ofac.treasury.gov/media/937191/download?inline=,pp1-2 paragraphs a-e and notes1-2,Original telecom/internet/enterprise-software exception; no stated April2027 expiration in this instrument
S34,2025-02-06,President of the United States; White House,Executive Order 14203 imposing sanctions on the ICC,https://www.whitehouse.gov/presidential-actions/2025/02/imposing-sanctions-on-the-international-criminal-court/,preamble and operative sections,Executive order; stated rationale is not proof of all motives; distinguish EO from later designations
S35,2024-10-04,RISE Moldova,Afacerile lui Sor cu Guvernul Rusiei,https://www.rise.md/articol/afacerile-lui-sor-cu-guvernul-rusiei/,links to historical A7 and Exim SPARK extracts,Discovery article upstream of CIR; rely on linked extracts rather than treating article and CIR as independent ownership confirmations
S36,2026-10-09,DJT repository; internal metadata,rinfo.json full-byte directory inventory,https://github.com/mfreeze77/DJT/blob/730b1f25dba8900743fc67eee42300d9e6dda1a7/rinfo.json,Entire JSON parsed; 2968 dictionaries and44496 string leaves,Internal directory inventory only; underlying files unavailable and their provenance not authenticated
S37,2016-12-20,Ontario Superior Court via FTI,Talon amending order and restated appointment order,https://cfcanada.fticonsulting.com/talon/docs/Amending%20Order.pdf,Signed amending order p2 para2; Schedule A para30 physical p17 / printed14,Court order sets receivership priorities and identifies MDI as assignee; not executed2011 deed or audit of underlying cash
S38,2017-03-08,FTI court-appointed receiver,Talon Third Receiver Report,https://cfcanada.fticonsulting.com/talon/docs/Receiver%27s%20Third%20Report%20%28Waterous%20Sale%20Approval%20Service%29.pdf,physical pp4-6; para7(a) and terms of reference8-12; receipts/disbursements heading,Receiver reports respondent financial information and expressly lacks possession/control of operations and cash; not comprehensive bank ledger
S39,2019-08-23,FTI court-appointed receiver,Talon Final Receiver Report,https://cfcanada.fticonsulting.com/talon/docs/Receiver%27s%20Final%20Report%20August%2023%2C%202019.pdf,physical pp7-8; statement and paras14-23,Receiver cash account and credit-bid disposition; not complete project operating account or historical funding trace
S40,2016-10-28,JCF Capital ULC counsel; Ontario court file,Talon applicant factum,https://cfcanada.fticonsulting.com/talon/docs/3.pdf,paras11-12 physical6 and para46 physical17,Advocacy submission relying on Wolf affidavit; dependent source not independent executed management contracts
S41,undated; retrieved2026-10-09,A7 LLC,Legal information and archived custody versions,https://www.a7.ru/law-info,A7 custody links and period labels,First-party index; labels conflict with December cover approval date; not proof of customer accession
S42,cover2025-08-01,A7 LLC,Published custody terms approved August1 2025,https://www.a7.ru/pdf/%D0%94%D0%BE%D0%B3%D0%BE%D0%B2%D0%BE%D1%80_%D0%BE%D1%82%D0%B2%D0%B5%D1%82%D1%81%D1%82%D0%B2%D0%B5%D0%BD%D0%BD%D0%BE%D0%B3%D0%BE_%D1%85%D1%80%D0%B0%D0%BD%D0%B5%D0%BD%D0%B8%D1%8F_%D0%B2%D0%B5%D0%BA%D1%81%D0%B5%D0%BB%D1%8F_%D0%BE%D1%82_01_08_25.pdf,pp1-5; section3.2.4; section5.2-5.4; section10; Appendix4 p10,Company-published standard terms with approval signature block; not executed Aragon accession or actual note-register entries
S43,cover2025-12-23; index label begins2025-12-22,A7 LLC,Archived December custody terms,https://www.a7.ru/pdf/Usloviya_prisoedineniya_k_dogovoru_otvetstvennogo_hraneniya_vekselya221225.pdf,cover p1; index period2025-12-22 to2026-04-09,Archived first-party version; cover/index date mismatch unresolved; only cover and version identity examined
S44,cover2026-04-09,A7 LLC,Current linked custody terms revision2,https://www.a7.ru/pdf/Usloviya_prisoedineniya_k_dogovoru_otvetstvennogo_hraneniya_vekselya.pdf,pp1-5 sections1.3 3 5 9.3 and10; Appendix4 physical10,Current first-party standard terms; not automatically applicable to2025 holdings; downloaded PDF renders control over mismatched cached browser images
