reconciliation_id,reference_accounting_id,entity_id,source_ids,return_id,tax_year,filing_or_signature_date,form,revision_status,locator,measure,amount,currency,period_start,period_end,actual_bank_match,include_in_totals,limit
Q01,R03,N15,S47,,2017,2018-05-15,OGE278e,not_a_tax_return,2018form physical24 item142/reference442,existing_mixed_OGE_income,2273297,USD,2017-01-01,2017-12-31,not_obtained,no,Reference to existing R03 not an additional receipt; two taxpayer declarations not payer confirmation
Q02,R03,N15,S63;S69,TR31,2017,2018-10-12,1120S,amended_checkbox_marked,p9 ScheduleB4(a),reported_QSub_election,,,2017-01-19,,not_obtained,no,100% parent N33; reported election date not IRS acceptance/effective-date certification or legal dissolution
Q03,R03,N33,S63,TR31,2017,2018-10-12,1120S,amended_checkbox_marked,p1 line1a,parent_aggregate_gross_receipts,23021014,USD,2017-01-01,2017-12-31,not_obtained,no,Aggregate parent gross receipts not attributable wholly to Toronto; not net income or cash
Q04,R03,N33,S63,TR31,2017,2018-10-12,1120S,amended_checkbox_marked,p1 line21,parent_aggregate_ordinary_income,4425095,USD,2017-01-01,2017-12-31,not_obtained,no,Net ordinary tax measure after deductions; not cash distribution or Toronto allocation
Q05,R03,N14,S63,TR31,2017,2018-10-12,1120S attachment,amended_checkbox_marked,p46; headingp43,allocated_ordinary_loss,-47,USD,2017-01-01,2017-12-31,not_obtained,no,Parent allocation from LP; not total partnership receipts and not a distribution
Q06,R03,N34,S63,TR31,2017,2018-10-12,1120S attachment,amended_checkbox_marked,p46; headingp43,allocated_ordinary_loss,-25,USD,2017-01-01,2017-12-31,not_obtained,no,Separate LLC allocation; not the LP row repeated or a licensing receipt
Q07,R03,N15,S65,TR32,2018,,1120S,amended_checkbox_not_marked,p8 ScheduleB4(a),reported_QSub_election,,,2017-01-19,,not_obtained,no,Prior election date repeated in later return; does not change tax-year2018 or prove new2018election
Q08,R03,N33,S64,TR30,2016,2017-09-15,1120S,amended_checkbox_not_marked,p1 line21,parent_aggregate_ordinary_loss,-694038,USD,2016-01-01,2016-12-31,not_obtained,no,Different prior-year parent scope; cannot allocate to Toronto by subtraction
Q09,R03,N15,S66,TR10,2017,,1040 ScheduleE attachment,not_verified,p38 list; parent N33 onp39,listed_S_corporation,,,,,not_obtained,no,Name/type observed; no associated numeric column matched; not another amount
Q10,R03,N15,S47;S63;S74,,2017,,reconciliation,not_applicable,R03 andQ01,unknown_operating_fee_component,,,2017-01-01,2017-12-31,not_obtained,no,Blank means unknown not zero; no tax schedule allocates this component in pages reviewed
Q11,R03,N15,S47;S63;S74,,2017,,reconciliation,not_applicable,R03 andQ01,unknown_other_contract_component,,,2017-01-01,2017-12-31,not_obtained,no,Buyout announced but amount/allocation absent; cannot set entire R03 to termination
Q12,R03,N15,S63,TR31,2017,2018-10-12,1120S attachment,amended_checkbox_marked,physical38 TY2017 Gen Dep; Attachment Information headed Section108(i); named QSub/NYC3L taxable-income paragraph; form-line reference field blank,reported_QSub_NYC3L_taxable_income_exclusion_statement,2219431,USD,2017-01-01,2017-12-31,not_obtained,no,Newly image-read named amount; reported taxable-income exclusion narrative with NYC3L reference; not gross receipts fees cash buyout allocation or complete amendment explanation; preserve pre-election Jan1-18 interval; Q01 remains2273297; no manufactured reconciliation difference
